Project Name,Package Name,Type Name,Code Smell,Method Name
2019.1,com.google.android.gms.ads,AdActivity,Unnecessary Abstraction,
2019.1,com.google.android.gms.ads,AdActivity,Unutilized Abstraction,
2019.1,com.google.android.gms.ads,AdManagerCreatorImpl,Unnecessary Abstraction,
2019.1,com.google.android.gms.ads,AdManagerCreatorImpl,Unutilized Abstraction,
2019.1,com.google.android.gms.analytics.service,AnalyticsService,Unutilized Abstraction,
2019.1,com.google.android.gms.auth,FirebaseAuthService,Unutilized Abstraction,
2019.1,com.google.android.gms.auth,GetToken,Unutilized Abstraction,
2019.1,com.google.android.gms.auth,TokenActivity,Unutilized Abstraction,
2019.1,com.google.android.gms.cast.framework.internal,CastContextImpl,Deficient Encapsulation,
2019.1,com.google.android.gms.cast.framework.internal,CastContextImpl,Cyclic-Dependent Modularization,
2019.1,com.google.android.gms.cast.framework.internal,CastDynamiteModuleImpl,Unutilized Abstraction,
2019.1,com.google.android.gms.cast.framework.internal,CastSessionImpl,Cyclic-Dependent Modularization,
2019.1,com.google.android.gms.cast.framework.internal,DiscoveryManagerImpl,Cyclic-Dependent Modularization,
2019.1,com.google.android.gms.cast.framework.internal,MediaRouterCallbackImpl,Unutilized Abstraction,
2019.1,com.google.android.gms.cast.framework.internal,SessionImpl,Cyclic-Dependent Modularization,
2019.1,com.google.android.gms.cast.framework.internal,SessionImpl,Insufficient Modularization,
2019.1,com.google.android.gms.cast.framework.internal,SessionManagerImpl,Cyclic-Dependent Modularization,
2019.1,com.google.android.gms.cast.framework.internal,SessionManagerImpl,Insufficient Modularization,
2019.1,com.google.android.gms.cast.media,CastMediaRouteProviderService,Unutilized Abstraction,
2019.1,com.google.android.gms.chimera.container,DynamiteLoaderImpl,Unutilized Abstraction,
2019.1,com.google.android.gms.common,GoogleCertificatesImpl,Unutilized Abstraction,
2019.1,com.google.android.gms.common.security,ProviderInstallerImpl,Imperative Abstraction,
2019.1,com.google.android.gms.common.ui,SignInButtonCreatorImpl,Unutilized Abstraction,
2019.1,com.google.android.gms.dynamite.descriptors.com.google.android.gms.firebase_database,ModuleDescriptor,Unnecessary Abstraction,
2019.1,com.google.android.gms.dynamite.descriptors.com.google.android.gms.firebase_database,ModuleDescriptor,Deficient Encapsulation,
2019.1,com.google.android.gms.dynamite.descriptors.com.google.android.gms.googlecertificates,ModuleDescriptor,Unnecessary Abstraction,
2019.1,com.google.android.gms.dynamite.descriptors.com.google.android.gms.googlecertificates,ModuleDescriptor,Deficient Encapsulation,
2019.1,com.google.android.gms.gcm.http,GoogleHttpService,Unutilized Abstraction,
2019.1,com.google.android.gms.plus.plusone,PlusOneButtonCreatorImpl,Unutilized Abstraction,
2019.1,com.google.android.gms.recovery,RecoveryService,Unutilized Abstraction,
2019.1,com.google.android.gms.wallet.dynamite,WalletDynamiteCreatorImpl,Unnecessary Abstraction,
2019.1,com.google.android.gms.wallet.dynamite,WalletDynamiteCreatorImpl,Unutilized Abstraction,
2019.1,com.google.firebase.database.connection.idl,IPersistentConnectionImpl,Unutilized Abstraction,
2019.1,org.microg.gms,AbstractGmsServiceBroker,Unutilized Abstraction,
2019.1,org.microg.gms,AbstractGmsServiceBroker,Insufficient Modularization,
2019.1,org.microg.gms,BaseService,Unutilized Abstraction,
2019.1,org.microg.gms,ChimeraSpoofProvider,Unutilized Abstraction,
2019.1,org.microg.gms,DummyService,Unutilized Abstraction,
2019.1,org.microg.gms.ads,AdvertisingIdService,Unutilized Abstraction,
2019.1,org.microg.gms.ads,AdvertisingIdServiceImpl,Unutilized Abstraction,
2019.1,org.microg.gms.ads,GService,Unutilized Abstraction,
2019.1,org.microg.gms.auth,AccountContentProvider,Unutilized Abstraction,
2019.1,org.microg.gms.auth,AskPermissionActivity,Deficient Encapsulation,
2019.1,org.microg.gms.auth,PermissionAdapter,Unutilized Abstraction,
2019.1,org.microg.gms.auth,AuthManager,Deficient Encapsulation,
2019.1,org.microg.gms.auth,AuthManager,Insufficient Modularization,
2019.1,org.microg.gms.auth,AuthManagerServiceImpl,Deficient Encapsulation,
2019.1,org.microg.gms.auth,AuthRequest,Deficient Encapsulation,
2019.1,org.microg.gms.auth,AuthRequest,Insufficient Modularization,
2019.1,org.microg.gms.auth,AuthResponse,Deficient Encapsulation,
2019.1,org.microg.gms.auth,SignInService,Unutilized Abstraction,
2019.1,org.microg.gms.auth,ConsentData,Deficient Encapsulation,
2019.1,org.microg.gms.auth,ConsentData,Cyclic-Dependent Modularization,
2019.1,org.microg.gms.auth,ConsentData,Insufficient Modularization,
2019.1,org.microg.gms.auth,Builder,Deficient Encapsulation,
2019.1,org.microg.gms.auth,Builder,Deficient Encapsulation,
2019.1,org.microg.gms.auth,Builder,Deficient Encapsulation,
2019.1,org.microg.gms.auth,Builder,Cyclic-Dependent Modularization,
2019.1,org.microg.gms.auth,AppDetails,Deficient Encapsulation,
2019.1,org.microg.gms.auth,AppDetails,Cyclic-Dependent Modularization,
2019.1,org.microg.gms.auth,Builder,Unutilized Abstraction,
2019.1,org.microg.gms.auth,Builder,Unutilized Abstraction,
2019.1,org.microg.gms.auth,ScopeDetails,Deficient Encapsulation,
2019.1,org.microg.gms.auth,ScopeDetails,Cyclic-Dependent Modularization,
2019.1,org.microg.gms.auth.firebase,FirebaseAuthServiceImpl,Unutilized Abstraction,
2019.1,org.microg.gms.auth.login,AssistantActivity,Unutilized Abstraction,
2019.1,org.microg.gms.auth.login,LoginActivity,Unutilized Abstraction,
2019.1,org.microg.gms.auth.login,LoginActivity,Deficient Encapsulation,
2019.1,org.microg.gms.auth.login,LoginActivity,Broken Hierarchy,
2019.1,org.microg.gms.auth.login,LoginActivity,Insufficient Modularization,
2019.1,org.microg.gms.auth.login,JsBridge,Unutilized Abstraction,
2019.1,org.microg.gms.auth.login,JsBridge,Insufficient Modularization,
2019.1,org.microg.gms.auth.loginservice,GoogleLoginService,Unutilized Abstraction,
2019.1,org.microg.gms.car,CarService,Unutilized Abstraction,
2019.1,org.microg.gms.cast,CastDeviceControllerImpl,Unutilized Abstraction,
2019.1,org.microg.gms.cast,CastDeviceControllerImpl,Insufficient Modularization,
2019.1,org.microg.gms.cast,CastDeviceControllerService,Unutilized Abstraction,
2019.1,org.microg.gms.cast,CastMediaRouteController,Unutilized Abstraction,
2019.1,org.microg.gms.checkin,CheckinClient,Deficient Encapsulation,
2019.1,org.microg.gms.checkin,Account,Deficient Encapsulation,
2019.1,org.microg.gms.checkin,CheckinService,Deficient Encapsulation,
2019.1,org.microg.gms.checkin,LastCheckinInfo,Deficient Encapsulation,
2019.1,org.microg.gms.checkin,TriggerReceiver,Unutilized Abstraction,
2019.1,org.microg.gms.checkin,TriggerReceiver,Deficient Encapsulation,
2019.1,org.microg.gms.checkin,CheckinRequest,Deficient Encapsulation,
2019.1,org.microg.gms.checkin,CheckinRequest,Cyclic-Dependent Modularization,
2019.1,org.microg.gms.checkin,CheckinRequest,Insufficient Modularization,
2019.1,org.microg.gms.checkin,Builder,Deficient Encapsulation,
2019.1,org.microg.gms.checkin,Builder,Deficient Encapsulation,
2019.1,org.microg.gms.checkin,Builder,Deficient Encapsulation,
2019.1,org.microg.gms.checkin,Builder,Deficient Encapsulation,
2019.1,org.microg.gms.checkin,Builder,Deficient Encapsulation,
2019.1,org.microg.gms.checkin,Builder,Deficient Encapsulation,
2019.1,org.microg.gms.checkin,Builder,Deficient Encapsulation,
2019.1,org.microg.gms.checkin,Builder,Deficient Encapsulation,
2019.1,org.microg.gms.checkin,Builder,Deficient Encapsulation,
2019.1,org.microg.gms.checkin,Builder,Deficient Encapsulation,
2019.1,org.microg.gms.checkin,Builder,Cyclic-Dependent Modularization,
2019.1,org.microg.gms.checkin,Builder,Insufficient Modularization,
2019.1,org.microg.gms.checkin,Builder,Insufficient Modularization,
2019.1,org.microg.gms.checkin,Checkin,Deficient Encapsulation,
2019.1,org.microg.gms.checkin,Checkin,Cyclic-Dependent Modularization,
2019.1,org.microg.gms.checkin,Checkin,Insufficient Modularization,
2019.1,org.microg.gms.checkin,Builder,Unutilized Abstraction,
2019.1,org.microg.gms.checkin,Builder,Unutilized Abstraction,
2019.1,org.microg.gms.checkin,Builder,Unutilized Abstraction,
2019.1,org.microg.gms.checkin,Builder,Unutilized Abstraction,
2019.1,org.microg.gms.checkin,Builder,Unutilized Abstraction,
2019.1,org.microg.gms.checkin,Builder,Unutilized Abstraction,
2019.1,org.microg.gms.checkin,Builder,Unutilized Abstraction,
2019.1,org.microg.gms.checkin,Builder,Unutilized Abstraction,
2019.1,org.microg.gms.checkin,Builder,Unutilized Abstraction,
2019.1,org.microg.gms.checkin,Build,Deficient Encapsulation,
2019.1,org.microg.gms.checkin,Build,Cyclic-Dependent Modularization,
2019.1,org.microg.gms.checkin,Build,Insufficient Modularization,
2019.1,org.microg.gms.checkin,Event,Deficient Encapsulation,
2019.1,org.microg.gms.checkin,Event,Cyclic-Dependent Modularization,
2019.1,org.microg.gms.checkin,Statistic,Deficient Encapsulation,
2019.1,org.microg.gms.checkin,Statistic,Cyclic-Dependent Modularization,
2019.1,org.microg.gms.checkin,DeviceConfig,Deficient Encapsulation,
2019.1,org.microg.gms.checkin,DeviceConfig,Cyclic-Dependent Modularization,
2019.1,org.microg.gms.checkin,DeviceConfig,Insufficient Modularization,
2019.1,org.microg.gms.checkin,CheckinResponse,Deficient Encapsulation,
2019.1,org.microg.gms.checkin,CheckinResponse,Insufficient Modularization,
2019.1,org.microg.gms.checkin,Intent,Deficient Encapsulation,
2019.1,org.microg.gms.checkin,Extra,Deficient Encapsulation,
2019.1,org.microg.gms.checkin,GservicesSetting,Deficient Encapsulation,
2019.1,org.microg.gms.clearcut,ClearcutLoggerService,Unutilized Abstraction,
2019.1,org.microg.gms.common,Build,Deficient Encapsulation,
2019.1,org.microg.gms.common,DeviceConfiguration,Deficient Encapsulation,
2019.1,org.microg.gms.common,DeviceIdentifier,Deficient Encapsulation,
2019.1,org.microg.gms.common,MultiListenerProxy,Insufficient Modularization,
2019.1,org.microg.gms.common,CollectionListenerPool,Unutilized Abstraction,
2019.1,org.microg.gms.common,CollectionListenerPool,Broken Hierarchy,
2019.1,org.microg.gms.common,MultiCollectionListenerPool,Unutilized Abstraction,
2019.1,org.microg.gms.common,MultiCollectionListenerPool,Broken Hierarchy,
2019.1,org.microg.gms.common,NonCancelToken,Unutilized Abstraction,
2019.1,org.microg.gms.common,PackageUtils,Insufficient Modularization,
2019.1,org.microg.gms.common,PhoneInfo,Deficient Encapsulation,
2019.1,org.microg.gms.drive.api,DriveApiService,Unutilized Abstraction,
2019.1,org.microg.gms.drive.api,DriveServiceImpl,Insufficient Modularization,
2019.1,org.microg.gms.droidguard,DroidGuardService,Unutilized Abstraction,
2019.1,org.microg.gms.feedback,FeedbackService,Unutilized Abstraction,
2019.1,org.microg.gms.feeds,SubscribedFeedsProvider,Unutilized Abstraction,
2019.1,org.microg.gms.games,GamesStubService,Unutilized Abstraction,
2019.1,org.microg.gms.games,GamesStubService,Deficient Encapsulation,
2019.1,org.microg.gms.games,UpgradeActivity,Unutilized Abstraction,
2019.1,org.microg.gms.games,UpgradeActivity,Deficient Encapsulation,
2019.1,org.microg.gms.gcm,GcmDatabase,Deficient Encapsulation,
2019.1,org.microg.gms.gcm,App,Deficient Encapsulation,
2019.1,org.microg.gms.gcm,Registration,Unutilized Abstraction,
2019.1,org.microg.gms.gcm,Registration,Deficient Encapsulation,
2019.1,org.microg.gms.gcm,GcmLegacyData,Deficient Encapsulation,
2019.1,org.microg.gms.gcm,LegacyAppInfo,Deficient Encapsulation,
2019.1,org.microg.gms.gcm,GcmPrefs,Deficient Encapsulation,
2019.1,org.microg.gms.gcm,McsConstants,Unutilized Abstraction,
2019.1,org.microg.gms.gcm,McsConstants,Deficient Encapsulation,
2019.1,org.microg.gms.gcm,McsConstants,Broken Modularization,
2019.1,org.microg.gms.gcm,McsService,Deficient Encapsulation,
2019.1,org.microg.gms.gcm,McsService,Cyclic-Dependent Modularization,
2019.1,org.microg.gms.gcm,McsService,Insufficient Modularization,
2019.1,org.microg.gms.gcm,PushRegisterHandler,Unutilized Abstraction,
2019.1,org.microg.gms.gcm,PushRegisterReceiver,Unutilized Abstraction,
2019.1,org.microg.gms.gcm,RegisterRequest,Deficient Encapsulation,
2019.1,org.microg.gms.gcm,RegisterResponse,Deficient Encapsulation,
2019.1,org.microg.gms.gcm,SendReceiver,Unutilized Abstraction,
2019.1,org.microg.gms.gcm,TriggerReceiver,Deficient Encapsulation,
2019.1,org.microg.gms.gcm,TriggerReceiver,Cyclic-Dependent Modularization,
2019.1,org.microg.gms.gcm,UnregisterReceiver,Unutilized Abstraction,
2019.1,org.microg.gms.gservices,DatabaseHelper,Deficient Encapsulation,
2019.1,org.microg.gms.gservices,GServices,Deficient Encapsulation,
2019.1,org.microg.gms.gservices,GServicesProvider,Unutilized Abstraction,
2019.1,org.microg.gms.gservices,GServicesProvider,Deficient Encapsulation,
2019.1,org.microg.gms.icing,IndexService,Unutilized Abstraction,
2019.1,org.microg.gms.icing,LightweightIndexService,Unutilized Abstraction,
2019.1,org.microg.gms.location,GoogleLocationManagerService,Unutilized Abstraction,
2019.1,org.microg.gms.location,GoogleLocationManagerServiceImpl,Insufficient Modularization,
2019.1,org.microg.gms.location,LocationRequestHelper,Deficient Encapsulation,
2019.1,org.microg.gms.location,RealLocationProvider,Deficient Encapsulation,
2019.1,org.microg.gms.location,ReportingAndroidService,Unutilized Abstraction,
2019.1,org.microg.gms.mdm,NetworkQualityService,Unutilized Abstraction,
2019.1,org.microg.gms.measurement,MeasurementBrokerService,Unutilized Abstraction,
2019.1,org.microg.gms.measurement,MeasurementServiceImpl,Unutilized Abstraction,
2019.1,org.microg.gms.people,ContactSyncService,Unutilized Abstraction,
2019.1,org.microg.gms.people,DatabaseHelper,Deficient Encapsulation,
2019.1,org.microg.gms.people,PeopleManager,Deficient Encapsulation,
2019.1,org.microg.gms.people,PeopleService,Unutilized Abstraction,
2019.1,org.microg.gms.phenotype,ConfigurationProvider,Unutilized Abstraction,
2019.1,org.microg.gms.places,GeoDataService,Unutilized Abstraction,
2019.1,org.microg.gms.places,PlaceDetectionService,Unutilized Abstraction,
2019.1,org.microg.gms.places,PlaceDetectionServiceImpl,Unutilized Abstraction,
2019.1,org.microg.gms.places,PlacesServiceImpl,Unutilized Abstraction,
2019.1,org.microg.gms.playlog,PlayLogService,Unutilized Abstraction,
2019.1,org.microg.gms.plus,PlusOneButtonImpl,Unutilized Abstraction,
2019.1,org.microg.gms.reminders,RemindersService,Unutilized Abstraction,
2019.1,org.microg.gms.reminders,RemindersServiceImpl,Unutilized Abstraction,
2019.1,org.microg.gms.reminders,RemindersServiceImpl,Insufficient Modularization,
2019.1,org.microg.gms.settings,GoogleSettingsProvider,Unutilized Abstraction,
2019.1,org.microg.gms.snet,SafetyNetClientService,Unutilized Abstraction,
2019.1,org.microg.gms.snet,SafetyNetClientServiceImpl,Unutilized Abstraction,
2019.1,org.microg.gms.snet,SafetyNetPrefs,Deficient Encapsulation,
2019.1,org.microg.gms.snet,AttestRequest,Deficient Encapsulation,
2019.1,org.microg.gms.snet,AttestRequest,Cyclic-Dependent Modularization,
2019.1,org.microg.gms.snet,Builder,Deficient Encapsulation,
2019.1,org.microg.gms.snet,Builder,Deficient Encapsulation,
2019.1,org.microg.gms.snet,Builder,Deficient Encapsulation,
2019.1,org.microg.gms.snet,Builder,Deficient Encapsulation,
2019.1,org.microg.gms.snet,Builder,Deficient Encapsulation,
2019.1,org.microg.gms.snet,Builder,Cyclic-Dependent Modularization,
2019.1,org.microg.gms.snet,AttestResponse,Deficient Encapsulation,
2019.1,org.microg.gms.snet,Builder,Unutilized Abstraction,
2019.1,org.microg.gms.snet,Builder,Unutilized Abstraction,
2019.1,org.microg.gms.snet,Builder,Unutilized Abstraction,
2019.1,org.microg.gms.snet,Builder,Unutilized Abstraction,
2019.1,org.microg.gms.snet,FileState,Deficient Encapsulation,
2019.1,org.microg.gms.snet,SafetyNetData,Deficient Encapsulation,
2019.1,org.microg.gms.snet,SELinuxState,Deficient Encapsulation,
2019.1,org.microg.gms.tapandpay,TapAndPayImpl,Unutilized Abstraction,
2019.1,org.microg.gms.tapandpay,TapAndPayService,Unutilized Abstraction,
2019.1,org.microg.gms.ui,AsActivity,Unutilized Abstraction,
2019.1,org.microg.gms.ui,AsActivity,Unutilized Abstraction,
2019.1,org.microg.gms.ui,AsActivity,Unutilized Abstraction,
2019.1,org.microg.gms.ui,AsActivity,Unutilized Abstraction,
2019.1,org.microg.gms.ui,AsActivity,Unutilized Abstraction,
2019.1,org.microg.gms.ui,AsActivity,Unutilized Abstraction,
2019.1,org.microg.gms.ui,AsActivity,Unutilized Abstraction,
2019.1,org.microg.gms.ui,AsActivity,Unutilized Abstraction,
2019.1,org.microg.gms.ui,AsActivity,Unutilized Abstraction,
2019.1,org.microg.gms.ui,AccountSettingsActivity,Unutilized Abstraction,
2019.1,org.microg.gms.ui,AccountSettingsFragment,Unutilized Abstraction,
2019.1,org.microg.gms.ui,CheckinFragment,Unutilized Abstraction,
2019.1,org.microg.gms.ui,Conditions,Deficient Encapsulation,
2019.1,org.microg.gms.ui,GcmAppFragment,Deficient Encapsulation,
2019.1,org.microg.gms.ui,GcmFragment,Deficient Encapsulation,
2019.1,org.microg.gms.ui,GcmAppPreference,Unutilized Abstraction,
2019.1,org.microg.gms.ui,GoogleMoreFragment,Unutilized Abstraction,
2019.1,org.microg.gms.ui,LocationSettingsActivity,Unnecessary Abstraction,
2019.1,org.microg.gms.ui,LocationSettingsActivity,Unutilized Abstraction,
2019.1,org.microg.gms.ui,SafetyNetFragment,Unutilized Abstraction,
2019.1,org.microg.gms.ui,SelfCheckFragment,Unutilized Abstraction,
2019.1,org.microg.gms.ui,SettingsActivity,Unutilized Abstraction,
2019.1,org.microg.gms.ui,SettingsActivity,Deficient Encapsulation,
2019.1,org.microg.gms.ui,FragmentImpl,Unutilized Abstraction,
2019.1,org.microg.gms.ui,FragmentImpl,Deficient Encapsulation,
2019.1,org.microg.gms.wallet,OwServiceImpl,Unutilized Abstraction,
2019.1,org.microg.gms.wallet,PaymentService,Unutilized Abstraction,
2019.1,org.microg.gms.wearable,ConfigurationDatabaseHelper,Deficient Encapsulation,
2019.1,org.microg.gms.wearable,DataItemInternal,Deficient Encapsulation,
2019.1,org.microg.gms.wearable,DataItemRecord,Deficient Encapsulation,
2019.1,org.microg.gms.wearable,MessageHandler,Unutilized Abstraction,
2019.1,org.microg.gms.wearable,RpcHelper,Deficient Encapsulation,
2019.1,org.microg.gms.wearable,RpcConnectionState,Deficient Encapsulation,
2019.1,org.microg.gms.wearable,WearableImpl,Deficient Encapsulation,
2019.1,org.microg.gms.wearable,WearableImpl,Insufficient Modularization,
2019.1,org.microg.gms.wearable,ListenerInfo,Unutilized Abstraction,
2019.1,org.microg.gms.wearable,WearableService,Unutilized Abstraction,
2019.1,org.microg.gms.wearable,WearableServiceImpl,Unutilized Abstraction,
2019.1,org.microg.gms.wearable,WearableServiceImpl,Insufficient Modularization,
2019.1,org.microg.gms.wearable,CallbackRunnable,Unutilized Abstraction,
2019.1,org.microg.gms.wearable.location,WearableLocationService,Deficient Encapsulation,
2019.1,org.microg.tools,AccountPickerActivity,Unutilized Abstraction,
2019.1,org.microg.tools.selfcheck,InstalledPackagesChecks,Unutilized Abstraction,
2019.1,org.microg.tools.selfcheck,RomSpoofSignatureChecks,Unutilized Abstraction,
2019.1,org.microg.tools.selfcheck,RomSpoofSignatureChecks,Deficient Encapsulation,
2019.1,org.microg.tools.selfcheck,SystemChecks,Deficient Encapsulation,
2019.1,org.microg.gms.gcm.mcs,AppData,Deficient Encapsulation,
2019.1,org.microg.gms.gcm.mcs,AppData,Cyclic-Dependent Modularization,
2019.1,org.microg.gms.gcm.mcs,Builder,Deficient Encapsulation,
2019.1,org.microg.gms.gcm.mcs,Builder,Deficient Encapsulation,
2019.1,org.microg.gms.gcm.mcs,Builder,Deficient Encapsulation,
2019.1,org.microg.gms.gcm.mcs,Builder,Deficient Encapsulation,
2019.1,org.microg.gms.gcm.mcs,Builder,Deficient Encapsulation,
2019.1,org.microg.gms.gcm.mcs,Builder,Deficient Encapsulation,
2019.1,org.microg.gms.gcm.mcs,Builder,Deficient Encapsulation,
2019.1,org.microg.gms.gcm.mcs,Builder,Deficient Encapsulation,
2019.1,org.microg.gms.gcm.mcs,Builder,Deficient Encapsulation,
2019.1,org.microg.gms.gcm.mcs,Builder,Deficient Encapsulation,
2019.1,org.microg.gms.gcm.mcs,Builder,Deficient Encapsulation,
2019.1,org.microg.gms.gcm.mcs,Builder,Deficient Encapsulation,
2019.1,org.microg.gms.gcm.mcs,Builder,Deficient Encapsulation,
2019.1,org.microg.gms.gcm.mcs,Builder,Deficient Encapsulation,
2019.1,org.microg.gms.gcm.mcs,Builder,Cyclic-Dependent Modularization,
2019.1,org.microg.gms.gcm.mcs,Builder,Unutilized Abstraction,
2019.1,org.microg.gms.gcm.mcs,Builder,Unutilized Abstraction,
2019.1,org.microg.gms.gcm.mcs,Builder,Unutilized Abstraction,
2019.1,org.microg.gms.gcm.mcs,Builder,Unutilized Abstraction,
2019.1,org.microg.gms.gcm.mcs,Builder,Unutilized Abstraction,
2019.1,org.microg.gms.gcm.mcs,Builder,Unutilized Abstraction,
2019.1,org.microg.gms.gcm.mcs,Builder,Unutilized Abstraction,
2019.1,org.microg.gms.gcm.mcs,Builder,Unutilized Abstraction,
2019.1,org.microg.gms.gcm.mcs,Builder,Unutilized Abstraction,
2019.1,org.microg.gms.gcm.mcs,Builder,Unutilized Abstraction,
2019.1,org.microg.gms.gcm.mcs,Builder,Unutilized Abstraction,
2019.1,org.microg.gms.gcm.mcs,Builder,Unutilized Abstraction,
2019.1,org.microg.gms.gcm.mcs,Builder,Unutilized Abstraction,
2019.1,org.microg.gms.gcm.mcs,Builder,Unutilized Abstraction,
2019.1,org.microg.gms.gcm.mcs,Builder,Unutilized Abstraction,
2019.1,org.microg.gms.gcm.mcs,DataMessageStanza,Deficient Encapsulation,
2019.1,org.microg.gms.gcm.mcs,DataMessageStanza,Insufficient Modularization,
2019.1,org.microg.gms.gcm.mcs,Builder,Insufficient Modularization,
2019.1,org.microg.gms.gcm.mcs,Builder,Insufficient Modularization,
2019.1,org.microg.gms.gcm.mcs,ErrorInfo,Deficient Encapsulation,
2019.1,org.microg.gms.gcm.mcs,Extension,Deficient Encapsulation,
2019.1,org.microg.gms.gcm.mcs,HeartbeatAck,Deficient Encapsulation,
2019.1,org.microg.gms.gcm.mcs,HeartbeatConfig,Deficient Encapsulation,
2019.1,org.microg.gms.gcm.mcs,HeartbeatPing,Deficient Encapsulation,
2019.1,org.microg.gms.gcm.mcs,HeartbeatStat,Deficient Encapsulation,
2019.1,org.microg.gms.gcm.mcs,IqStanza,Deficient Encapsulation,
2019.1,org.microg.gms.gcm.mcs,LoginRequest,Deficient Encapsulation,
2019.1,org.microg.gms.gcm.mcs,LoginRequest,Insufficient Modularization,
2019.1,org.microg.gms.gcm.mcs,LoginResponse,Deficient Encapsulation,
2019.1,org.microg.gms.gcm.mcs,SelectiveAck,Deficient Encapsulation,
2019.1,org.microg.gms.gcm.mcs,Setting,Deficient Encapsulation,
2019.1,org.microg.gms.gcm.mcs,StreamErrorStanza,Deficient Encapsulation,
2019.1,com.google.android.gms.maps.internal,CreatorImpl,Unutilized Abstraction,
2019.1,com.google.android.gms.maps.internal,CreatorImpl,Unutilized Abstraction,
2019.1,org.microg.gms.maps.vtm,BackendMap,Insufficient Modularization,
2019.1,org.microg.gms.maps.vtm,GoogleMapImpl,Broken Hierarchy,
2019.1,org.microg.gms.maps.vtm,GoogleMapImpl,Insufficient Modularization,
2019.1,org.microg.gms.maps.vtm,MapFragmentImpl,Unutilized Abstraction,
2019.1,org.microg.gms.maps.vtm,MapViewImpl,Unutilized Abstraction,
2019.1,org.microg.gms.maps.vtm,UiSettingsImpl,Cyclic-Dependent Modularization,
2019.1,org.microg.gms.maps.vtm,UiSettingsImpl,Insufficient Modularization,
2019.1,org.microg.gms.maps.vtm,UiSettingsListener,Cyclic-Dependent Modularization,
2019.1,org.microg.gms.maps.vtm.bitmap,AbstractBitmapDescriptor,Unutilized Abstraction,
2019.1,org.microg.gms.maps.vtm.bitmap,AssetBitmapDescriptor,Unutilized Abstraction,
2019.1,org.microg.gms.maps.vtm.bitmap,AssetBitmapDescriptor,Broken Hierarchy,
2019.1,org.microg.gms.maps.vtm.bitmap,BitmapBitmapDescriptor,Unutilized Abstraction,
2019.1,org.microg.gms.maps.vtm.bitmap,BitmapDescriptorFactoryImpl,Unutilized Abstraction,
2019.1,org.microg.gms.maps.vtm.bitmap,DefaultBitmapDescriptor,Unutilized Abstraction,
2019.1,org.microg.gms.maps.vtm.bitmap,DefaultBitmapDescriptor,Deficient Encapsulation,
2019.1,org.microg.gms.maps.vtm.bitmap,FileBitmapDescriptor,Unutilized Abstraction,
2019.1,org.microg.gms.maps.vtm.bitmap,PathBitmapDescriptor,Unutilized Abstraction,
2019.1,org.microg.gms.maps.vtm.bitmap,ResourceBitmapDescriptor,Unutilized Abstraction,
2019.1,org.microg.gms.maps.vtm.camera,NoCameraUpdate,Unutilized Abstraction,
2019.1,org.microg.gms.maps.vtm.data,SharedTileCache,Unutilized Abstraction,
2019.1,org.microg.gms.maps.vtm.data,CacheTileWriter,Unutilized Abstraction,
2019.1,org.microg.gms.maps.vtm.data,CacheTileReader,Unutilized Abstraction,
2019.1,org.microg.gms.maps.vtm.data,SharedTileProvider,Deficient Encapsulation,
2019.1,org.microg.gms.maps.vtm.data,SQLiteHelper,Unutilized Abstraction,
2019.1,org.microg.gms.maps.vtm.markup,CircleImpl,Unutilized Abstraction,
2019.1,org.microg.gms.maps.vtm.markup,CircleImpl,Insufficient Modularization,
2019.1,org.microg.gms.maps.vtm.markup,GroundOverlayImpl,Unutilized Abstraction,
2019.1,org.microg.gms.maps.vtm.markup,GroundOverlayImpl,Insufficient Modularization,
2019.1,org.microg.gms.maps.vtm.markup,InfoWindow,Unutilized Abstraction,
2019.1,org.microg.gms.maps.vtm.markup,DefaultWindow,Unutilized Abstraction,
2019.1,org.microg.gms.maps.vtm.markup,DefaultContent,Unutilized Abstraction,
2019.1,org.microg.gms.maps.vtm.markup,MarkerImpl,Insufficient Modularization,
2019.1,org.microg.gms.maps.vtm.markup,PolygonImpl,Unutilized Abstraction,
2019.1,org.microg.gms.maps.vtm.markup,PolygonImpl,Insufficient Modularization,
2019.1,org.microg.gms.maps.vtm.markup,PolylineImpl,Unutilized Abstraction,
2019.1,org.microg.gms.maps.vtm.markup,PolylineImpl,Insufficient Modularization,
2019.1,org.microg.gms.maps.vtm.markup,TileOverlayImpl,Unnecessary Abstraction,
2019.1,org.microg.gms.maps.vtm.markup,TileOverlayImpl,Unutilized Abstraction,
2019.1,com.google.android.gms.cast.framework.internal,CastContextImpl,Long Statement,CastContextImpl
2019.1,com.google.android.gms.cast.framework.internal,CastDynamiteModuleImpl,Long Parameter List,newFetchBitmapTaskImpl
2019.1,com.google.android.gms.chimera.container,DynamiteLoaderImpl,Long Statement,createModuleContext
2019.1,com.google.android.gms.chimera.container,DynamiteLoaderImpl,Long Statement,createModuleContext
2019.1,com.google.android.gms.chimera.container,DynamiteLoaderImpl,Long Statement,getModuleVersion2
2019.1,com.google.android.gms.chimera.container,DynamiteLoaderImpl,Long Statement,getModuleVersion2
2019.1,com.google.android.gms.common.security,ProviderInstallerImpl,Complex Method,insertProvider
2019.1,com.google.android.gms.common.security,ProviderInstallerImpl,Long Identifier,insertProvider
2019.1,com.google.android.gms.common.security,ProviderInstallerImpl,Long Method,insertProvider
2019.1,com.google.android.gms.common.security,ProviderInstallerImpl,Long Statement,insertProvider
2019.1,com.google.android.gms.common.security,ProviderInstallerImpl,Magic Number,insertProvider
2019.1,com.google.android.gms.common.security,ProviderInstallerImpl,Magic Number,insertProvider
2019.1,com.google.android.gms.common.security,ProviderInstallerImpl,Magic Number,insertProvider
2019.1,com.google.android.gms.common.security,ProviderInstallerImpl,Magic Number,insertProvider
2019.1,com.google.android.gms.common.security,ProviderInstallerImpl,Magic Number,insertProvider
2019.1,com.google.android.gms.common.security,ProviderInstallerImpl,Magic Number,insertProvider
2019.1,com.google.android.gms.common.security,ProviderInstallerImpl,Magic Number,copyInputStream
2019.1,com.google.android.gms.plus.plusone,PlusOneButtonCreatorImpl,Long Parameter List,create
2019.1,com.google.android.gms.plus.plusone,PlusOneButtonCreatorImpl,Long Parameter List,createForAccount
2019.1,com.google.firebase.database.connection.idl,IPersistentConnectionImpl,Long Parameter List,listen
2019.1,org.microg.gms,AbstractGmsServiceBroker,Long Parameter List,getPlusService
2019.1,org.microg.gms,AbstractGmsServiceBroker,Long Parameter List,getGamesService
2019.1,org.microg.gms,AbstractGmsServiceBroker,Long Parameter List,getAppStateService
2019.1,org.microg.gms,AbstractGmsServiceBroker,Long Parameter List,getCastService
2019.1,org.microg.gms,AbstractGmsServiceBroker,Long Parameter List,getDriveService
2019.1,org.microg.gms,AbstractGmsServiceBroker,Long Parameter List,callGetService
2019.1,org.microg.gms,AbstractGmsServiceBroker,Long Parameter List,callGetService
2019.1,org.microg.gms,BaseService,Empty catch clause,BaseService
2019.1,org.microg.gms,BaseService,Empty catch clause,handleServiceRequest
2019.1,org.microg.gms,BaseService,Long Statement,BaseService
2019.1,org.microg.gms,ChimeraSpoofProvider,Long Parameter List,query
2019.1,org.microg.gms.auth,AccountContentProvider,Complex Method,call
2019.1,org.microg.gms.auth,AccountContentProvider,Long Statement,call
2019.1,org.microg.gms.auth,AccountContentProvider,Long Statement,call
2019.1,org.microg.gms.auth,AccountContentProvider,Long Parameter List,query
2019.1,org.microg.gms.auth,AskPermissionActivity,Long Statement,onCreate
2019.1,org.microg.gms.auth,AskPermissionActivity,Magic Number,getScopeLabel
2019.1,org.microg.gms.auth,AskPermissionActivity,Magic Number,getItem
2019.1,org.microg.gms.auth,PermissionAdapter,Magic Number,getItem
2019.1,org.microg.gms.auth,AuthManager,Complex Conditional,setPermitted
2019.1,org.microg.gms.auth,AuthManager,Complex Conditional,setAuthToken
2019.1,org.microg.gms.auth,AuthManager,Complex Conditional,storeResponse
2019.1,org.microg.gms.auth,AuthManager,Long Statement,isPermitted
2019.1,org.microg.gms.auth,AuthManager,Long Statement,requestAuth
2019.1,org.microg.gms.auth,AuthManager,Magic Number,getAuthToken
2019.1,org.microg.gms.auth,AuthManager,Magic Number,storeResponse
2019.1,org.microg.gms.auth,AuthManager,Complex Method,requestAuth
2019.1,org.microg.gms.auth,AuthManagerServiceImpl,Long Statement,getToken
2019.1,org.microg.gms.auth,AuthManagerServiceImpl,Long Statement,getToken
2019.1,org.microg.gms.auth,AuthManagerServiceImpl,Long Statement,clearToken
2019.1,org.microg.gms.auth,AuthManagerServiceImpl,Magic Number,getScopes
2019.1,org.microg.gms.auth,AuthResponse,Complex Method,parse
2019.1,org.microg.gms.auth,AuthResponse,Complex Method,toString
2019.1,org.microg.gms.auth,AuthResponse,Magic Number,parse
2019.1,org.microg.gms.auth,ConsentData,Magic Number,hashCode
2019.1,org.microg.gms.auth,ConsentData,Magic Number,hashCode
2019.1,org.microg.gms.auth,ConsentData,Magic Number,hashCode
2019.1,org.microg.gms.auth,ConsentData,Magic Number,hashCode
2019.1,org.microg.gms.auth,AppDetails,Magic Number,hashCode
2019.1,org.microg.gms.auth,ScopeDetails,Magic Number,hashCode
2019.1,org.microg.gms.auth,ScopeDetails,Magic Number,hashCode
2019.1,org.microg.gms.auth.login,AssistantActivity,Long Statement,formatTitle
2019.1,org.microg.gms.auth.login,LoginActivity,Complex Method,onCreate
2019.1,org.microg.gms.auth.login,LoginActivity,Long Statement,onCreate
2019.1,org.microg.gms.auth.login,LoginActivity,Long Statement,onPageFinished
2019.1,org.microg.gms.auth.login,LoginActivity,Long Statement,createWebView
2019.1,org.microg.gms.auth.login,LoginActivity,Long Statement,retrieveRtToken
2019.1,org.microg.gms.auth.login,LoginActivity,Long Statement,retrieveGmsToken
2019.1,org.microg.gms.auth.login,LoginActivity,Long Statement,buildUrl
2019.1,org.microg.gms.auth.login,LoginActivity,Magic Number,retrieveRtToken
2019.1,org.microg.gms.auth.login,LoginActivity,Magic Number,retrieveRtToken
2019.1,org.microg.gms.auth.login,LoginActivity,Magic Number,onResponse
2019.1,org.microg.gms.auth.login,LoginActivity,Magic Number,onException
2019.1,org.microg.gms.auth.login,LoginActivity,Magic Number,retrieveGmsToken
2019.1,org.microg.gms.auth.login,LoginActivity,Magic Number,onException
2019.1,org.microg.gms.auth.login,LoginActivity,Complex Conditional,onKeyDown
2019.1,org.microg.gms.auth.loginservice,AccountAuthenticator,Long Parameter List,addAccount
2019.1,org.microg.gms.auth.loginservice,AccountAuthenticator,Long Statement,getAuthToken
2019.1,org.microg.gms.auth.loginservice,AccountAuthenticator,Magic Number,hasFeatures
2019.1,org.microg.gms.cast,CastDeviceControllerImpl,Long Statement,spontaneousEventReceived
2019.1,org.microg.gms.cast,CastDeviceControllerImpl,Missing default,spontaneousEventReceived
2019.1,org.microg.gms.cast,CastMediaRouteProvider,Magic Number,CastMediaRouteProvider
2019.1,org.microg.gms.cast,CastMediaRouteProvider,Magic Number,onDiscoveryRequestChanged
2019.1,org.microg.gms.cast,CastMediaRouteProvider,Magic Number,publishRoutes
2019.1,org.microg.gms.cast,CastMediaRouteProvider,Long Parameter List,onChromeCastDiscovered
2019.1,org.microg.gms.cast,CastMediaRouteProvider,Long Statement,onChromeCastDiscovered
2019.1,org.microg.gms.cast,CastMediaRouteProvider,Long Statement,publishRoutes
2019.1,org.microg.gms.cast,CastMediaRouteProvider,Complex Conditional,onDiscoveryRequestChanged
2019.1,org.microg.gms.cast,CastMediaRouteProvider,Complex Method,onDiscoveryRequestChanged
2019.1,org.microg.gms.checkin,CheckinClient,Magic Number,request
2019.1,org.microg.gms.checkin,CheckinClient,Magic Number,makeRequest
2019.1,org.microg.gms.checkin,CheckinClient,Magic Number,makeRequest
2019.1,org.microg.gms.checkin,CheckinClient,Magic Number,makeRequest
2019.1,org.microg.gms.checkin,CheckinClient,Long Parameter List,makeRequest
2019.1,org.microg.gms.checkin,CheckinClient,Long Statement,makeRequest
2019.1,org.microg.gms.checkin,CheckinManager,Long Statement,checkin
2019.1,org.microg.gms.checkin,CheckinManager,Long Statement,checkin
2019.1,org.microg.gms.checkin,LastCheckinInfo,Long Statement,write
2019.1,org.microg.gms.checkin,TriggerReceiver,Complex Conditional,onReceive
2019.1,org.microg.gms.checkin,TriggerReceiver,Long Statement,onReceive
2019.1,org.microg.gms.checkin,CheckinRequest,Long Parameter List,CheckinRequest
2019.1,org.microg.gms.checkin,CheckinRequest,Long Parameter List,Checkin
2019.1,org.microg.gms.checkin,CheckinRequest,Long Parameter List,Build
2019.1,org.microg.gms.checkin,CheckinRequest,Long Parameter List,DeviceConfig
2019.1,org.microg.gms.checkin,CheckinRequest,Long Statement,CheckinRequest
2019.1,org.microg.gms.checkin,CheckinRequest,Long Statement,equals
2019.1,org.microg.gms.checkin,CheckinRequest,Long Statement,Checkin
2019.1,org.microg.gms.checkin,CheckinRequest,Long Statement,equals
2019.1,org.microg.gms.checkin,CheckinRequest,Long Statement,Build
2019.1,org.microg.gms.checkin,CheckinRequest,Long Statement,equals
2019.1,org.microg.gms.checkin,CheckinRequest,Long Statement,DeviceConfig
2019.1,org.microg.gms.checkin,CheckinRequest,Long Statement,equals
2019.1,org.microg.gms.checkin,CheckinRequest,Magic Number,hashCode
2019.1,org.microg.gms.checkin,CheckinRequest,Magic Number,hashCode
2019.1,org.microg.gms.checkin,CheckinRequest,Magic Number,hashCode
2019.1,org.microg.gms.checkin,CheckinRequest,Magic Number,hashCode
2019.1,org.microg.gms.checkin,CheckinRequest,Magic Number,hashCode
2019.1,org.microg.gms.checkin,CheckinRequest,Magic Number,hashCode
2019.1,org.microg.gms.checkin,CheckinRequest,Magic Number,hashCode
2019.1,org.microg.gms.checkin,CheckinRequest,Magic Number,hashCode
2019.1,org.microg.gms.checkin,CheckinRequest,Magic Number,hashCode
2019.1,org.microg.gms.checkin,CheckinRequest,Magic Number,hashCode
2019.1,org.microg.gms.checkin,CheckinRequest,Magic Number,hashCode
2019.1,org.microg.gms.checkin,CheckinRequest,Magic Number,hashCode
2019.1,org.microg.gms.checkin,CheckinRequest,Magic Number,hashCode
2019.1,org.microg.gms.checkin,CheckinRequest,Magic Number,hashCode
2019.1,org.microg.gms.checkin,CheckinRequest,Magic Number,hashCode
2019.1,org.microg.gms.checkin,CheckinRequest,Magic Number,hashCode
2019.1,org.microg.gms.checkin,CheckinRequest,Magic Number,hashCode
2019.1,org.microg.gms.checkin,CheckinRequest,Magic Number,hashCode
2019.1,org.microg.gms.checkin,CheckinRequest,Magic Number,hashCode
2019.1,org.microg.gms.checkin,CheckinRequest,Magic Number,hashCode
2019.1,org.microg.gms.checkin,CheckinRequest,Magic Number,hashCode
2019.1,org.microg.gms.checkin,CheckinRequest,Magic Number,hashCode
2019.1,org.microg.gms.checkin,CheckinRequest,Magic Number,hashCode
2019.1,org.microg.gms.checkin,CheckinRequest,Magic Number,hashCode
2019.1,org.microg.gms.checkin,CheckinRequest,Magic Number,hashCode
2019.1,org.microg.gms.checkin,CheckinRequest,Magic Number,hashCode
2019.1,org.microg.gms.checkin,CheckinRequest,Magic Number,hashCode
2019.1,org.microg.gms.checkin,CheckinRequest,Magic Number,hashCode
2019.1,org.microg.gms.checkin,CheckinRequest,Magic Number,hashCode
2019.1,org.microg.gms.checkin,CheckinRequest,Magic Number,hashCode
2019.1,org.microg.gms.checkin,CheckinRequest,Magic Number,hashCode
2019.1,org.microg.gms.checkin,CheckinRequest,Magic Number,hashCode
2019.1,org.microg.gms.checkin,CheckinRequest,Magic Number,hashCode
2019.1,org.microg.gms.checkin,CheckinRequest,Magic Number,hashCode
2019.1,org.microg.gms.checkin,CheckinRequest,Magic Number,hashCode
2019.1,org.microg.gms.checkin,CheckinRequest,Magic Number,hashCode
2019.1,org.microg.gms.checkin,CheckinRequest,Magic Number,hashCode
2019.1,org.microg.gms.checkin,CheckinRequest,Magic Number,hashCode
2019.1,org.microg.gms.checkin,CheckinRequest,Magic Number,hashCode
2019.1,org.microg.gms.checkin,CheckinRequest,Magic Number,hashCode
2019.1,org.microg.gms.checkin,CheckinRequest,Magic Number,hashCode
2019.1,org.microg.gms.checkin,CheckinRequest,Magic Number,hashCode
2019.1,org.microg.gms.checkin,CheckinRequest,Magic Number,hashCode
2019.1,org.microg.gms.checkin,CheckinRequest,Magic Number,hashCode
2019.1,org.microg.gms.checkin,CheckinRequest,Magic Number,hashCode
2019.1,org.microg.gms.checkin,CheckinRequest,Magic Number,hashCode
2019.1,org.microg.gms.checkin,CheckinRequest,Magic Number,hashCode
2019.1,org.microg.gms.checkin,CheckinRequest,Magic Number,hashCode
2019.1,org.microg.gms.checkin,CheckinRequest,Magic Number,hashCode
2019.1,org.microg.gms.checkin,CheckinRequest,Magic Number,hashCode
2019.1,org.microg.gms.checkin,CheckinRequest,Magic Number,hashCode
2019.1,org.microg.gms.checkin,CheckinRequest,Magic Number,hashCode
2019.1,org.microg.gms.checkin,CheckinRequest,Magic Number,hashCode
2019.1,org.microg.gms.checkin,CheckinRequest,Magic Number,hashCode
2019.1,org.microg.gms.checkin,CheckinRequest,Magic Number,hashCode
2019.1,org.microg.gms.checkin,CheckinRequest,Magic Number,hashCode
2019.1,org.microg.gms.checkin,CheckinRequest,Magic Number,hashCode
2019.1,org.microg.gms.checkin,CheckinRequest,Magic Number,hashCode
2019.1,org.microg.gms.checkin,CheckinRequest,Magic Number,hashCode
2019.1,org.microg.gms.checkin,CheckinRequest,Magic Number,hashCode
2019.1,org.microg.gms.checkin,CheckinRequest,Magic Number,hashCode
2019.1,org.microg.gms.checkin,CheckinRequest,Magic Number,hashCode
2019.1,org.microg.gms.checkin,Checkin,Long Parameter List,Checkin
2019.1,org.microg.gms.checkin,Checkin,Long Parameter List,Build
2019.1,org.microg.gms.checkin,Checkin,Long Statement,Checkin
2019.1,org.microg.gms.checkin,Checkin,Long Statement,equals
2019.1,org.microg.gms.checkin,Checkin,Long Statement,Build
2019.1,org.microg.gms.checkin,Checkin,Long Statement,equals
2019.1,org.microg.gms.checkin,Checkin,Magic Number,hashCode
2019.1,org.microg.gms.checkin,Checkin,Magic Number,hashCode
2019.1,org.microg.gms.checkin,Checkin,Magic Number,hashCode
2019.1,org.microg.gms.checkin,Checkin,Magic Number,hashCode
2019.1,org.microg.gms.checkin,Checkin,Magic Number,hashCode
2019.1,org.microg.gms.checkin,Checkin,Magic Number,hashCode
2019.1,org.microg.gms.checkin,Checkin,Magic Number,hashCode
2019.1,org.microg.gms.checkin,Checkin,Magic Number,hashCode
2019.1,org.microg.gms.checkin,Checkin,Magic Number,hashCode
2019.1,org.microg.gms.checkin,Checkin,Magic Number,hashCode
2019.1,org.microg.gms.checkin,Checkin,Magic Number,hashCode
2019.1,org.microg.gms.checkin,Checkin,Magic Number,hashCode
2019.1,org.microg.gms.checkin,Checkin,Magic Number,hashCode
2019.1,org.microg.gms.checkin,Checkin,Magic Number,hashCode
2019.1,org.microg.gms.checkin,Checkin,Magic Number,hashCode
2019.1,org.microg.gms.checkin,Checkin,Magic Number,hashCode
2019.1,org.microg.gms.checkin,Checkin,Magic Number,hashCode
2019.1,org.microg.gms.checkin,Checkin,Magic Number,hashCode
2019.1,org.microg.gms.checkin,Checkin,Magic Number,hashCode
2019.1,org.microg.gms.checkin,Checkin,Magic Number,hashCode
2019.1,org.microg.gms.checkin,Checkin,Magic Number,hashCode
2019.1,org.microg.gms.checkin,Checkin,Magic Number,hashCode
2019.1,org.microg.gms.checkin,Checkin,Magic Number,hashCode
2019.1,org.microg.gms.checkin,Checkin,Magic Number,hashCode
2019.1,org.microg.gms.checkin,Checkin,Magic Number,hashCode
2019.1,org.microg.gms.checkin,Build,Long Parameter List,Build
2019.1,org.microg.gms.checkin,Build,Long Statement,Build
2019.1,org.microg.gms.checkin,Build,Long Statement,equals
2019.1,org.microg.gms.checkin,Build,Magic Number,hashCode
2019.1,org.microg.gms.checkin,Build,Magic Number,hashCode
2019.1,org.microg.gms.checkin,Build,Magic Number,hashCode
2019.1,org.microg.gms.checkin,Build,Magic Number,hashCode
2019.1,org.microg.gms.checkin,Build,Magic Number,hashCode
2019.1,org.microg.gms.checkin,Build,Magic Number,hashCode
2019.1,org.microg.gms.checkin,Build,Magic Number,hashCode
2019.1,org.microg.gms.checkin,Build,Magic Number,hashCode
2019.1,org.microg.gms.checkin,Build,Magic Number,hashCode
2019.1,org.microg.gms.checkin,Build,Magic Number,hashCode
2019.1,org.microg.gms.checkin,Build,Magic Number,hashCode
2019.1,org.microg.gms.checkin,Build,Magic Number,hashCode
2019.1,org.microg.gms.checkin,Build,Magic Number,hashCode
2019.1,org.microg.gms.checkin,Event,Magic Number,hashCode
2019.1,org.microg.gms.checkin,Event,Magic Number,hashCode
2019.1,org.microg.gms.checkin,Statistic,Magic Number,hashCode
2019.1,org.microg.gms.checkin,Statistic,Magic Number,hashCode
2019.1,org.microg.gms.checkin,DeviceConfig,Long Parameter List,DeviceConfig
2019.1,org.microg.gms.checkin,DeviceConfig,Long Statement,DeviceConfig
2019.1,org.microg.gms.checkin,DeviceConfig,Long Statement,equals
2019.1,org.microg.gms.checkin,DeviceConfig,Magic Number,hashCode
2019.1,org.microg.gms.checkin,DeviceConfig,Magic Number,hashCode
2019.1,org.microg.gms.checkin,DeviceConfig,Magic Number,hashCode
2019.1,org.microg.gms.checkin,DeviceConfig,Magic Number,hashCode
2019.1,org.microg.gms.checkin,DeviceConfig,Magic Number,hashCode
2019.1,org.microg.gms.checkin,DeviceConfig,Magic Number,hashCode
2019.1,org.microg.gms.checkin,DeviceConfig,Magic Number,hashCode
2019.1,org.microg.gms.checkin,DeviceConfig,Magic Number,hashCode
2019.1,org.microg.gms.checkin,DeviceConfig,Magic Number,hashCode
2019.1,org.microg.gms.checkin,DeviceConfig,Magic Number,hashCode
2019.1,org.microg.gms.checkin,DeviceConfig,Magic Number,hashCode
2019.1,org.microg.gms.checkin,DeviceConfig,Magic Number,hashCode
2019.1,org.microg.gms.checkin,DeviceConfig,Magic Number,hashCode
2019.1,org.microg.gms.checkin,DeviceConfig,Magic Number,hashCode
2019.1,org.microg.gms.checkin,DeviceConfig,Magic Number,hashCode
2019.1,org.microg.gms.checkin,DeviceConfig,Magic Number,hashCode
2019.1,org.microg.gms.checkin,CheckinResponse,Long Parameter List,CheckinResponse
2019.1,org.microg.gms.checkin,CheckinResponse,Long Parameter List,Intent
2019.1,org.microg.gms.checkin,CheckinResponse,Long Statement,CheckinResponse
2019.1,org.microg.gms.checkin,CheckinResponse,Long Statement,equals
2019.1,org.microg.gms.checkin,CheckinResponse,Long Statement,equals
2019.1,org.microg.gms.checkin,CheckinResponse,Magic Number,hashCode
2019.1,org.microg.gms.checkin,CheckinResponse,Magic Number,hashCode
2019.1,org.microg.gms.checkin,CheckinResponse,Magic Number,hashCode
2019.1,org.microg.gms.checkin,CheckinResponse,Magic Number,hashCode
2019.1,org.microg.gms.checkin,CheckinResponse,Magic Number,hashCode
2019.1,org.microg.gms.checkin,CheckinResponse,Magic Number,hashCode
2019.1,org.microg.gms.checkin,CheckinResponse,Magic Number,hashCode
2019.1,org.microg.gms.checkin,CheckinResponse,Magic Number,hashCode
2019.1,org.microg.gms.checkin,CheckinResponse,Magic Number,hashCode
2019.1,org.microg.gms.checkin,CheckinResponse,Magic Number,hashCode
2019.1,org.microg.gms.checkin,CheckinResponse,Magic Number,hashCode
2019.1,org.microg.gms.checkin,CheckinResponse,Magic Number,hashCode
2019.1,org.microg.gms.checkin,CheckinResponse,Magic Number,hashCode
2019.1,org.microg.gms.checkin,CheckinResponse,Magic Number,hashCode
2019.1,org.microg.gms.checkin,CheckinResponse,Magic Number,hashCode
2019.1,org.microg.gms.checkin,CheckinResponse,Magic Number,hashCode
2019.1,org.microg.gms.checkin,CheckinResponse,Magic Number,hashCode
2019.1,org.microg.gms.checkin,Intent,Long Parameter List,Intent
2019.1,org.microg.gms.checkin,Intent,Long Statement,equals
2019.1,org.microg.gms.checkin,Intent,Magic Number,hashCode
2019.1,org.microg.gms.checkin,Intent,Magic Number,hashCode
2019.1,org.microg.gms.checkin,Intent,Magic Number,hashCode
2019.1,org.microg.gms.checkin,Intent,Magic Number,hashCode
2019.1,org.microg.gms.checkin,Intent,Magic Number,hashCode
2019.1,org.microg.gms.checkin,Extra,Magic Number,hashCode
2019.1,org.microg.gms.checkin,GservicesSetting,Magic Number,hashCode
2019.1,org.microg.gms.common,Build,Magic Number,generateSerialNumber
2019.1,org.microg.gms.common,Build,Magic Number,generateSerialNumber
2019.1,org.microg.gms.common,Build,Magic Number,generateSerialNumber
2019.1,org.microg.gms.common,DeviceConfiguration,Complex Method,DeviceConfiguration
2019.1,org.microg.gms.common,DeviceConfiguration,Complex Method,addEglExtensions
2019.1,org.microg.gms.common,DeviceConfiguration,Long Statement,DeviceConfiguration
2019.1,org.microg.gms.common,DeviceConfiguration,Long Statement,DeviceConfiguration
2019.1,org.microg.gms.common,DeviceConfiguration,Magic Number,addEglExtensions
2019.1,org.microg.gms.common,DeviceConfiguration,Magic Number,addEglExtensions
2019.1,org.microg.gms.common,DeviceConfiguration,Magic Number,addExtensionsForConfig
2019.1,org.microg.gms.common,DeviceConfiguration,Long Parameter List,addExtensionsForConfig
2019.1,org.microg.gms.common,DeviceIdentifier,Magic Number,randomMacAddress
2019.1,org.microg.gms.common,DeviceIdentifier,Magic Number,randomMacAddress
2019.1,org.microg.gms.common,DeviceIdentifier,Magic Number,randomMacAddress
2019.1,org.microg.gms.common,DeviceIdentifier,Magic Number,randomMeid
2019.1,org.microg.gms.common,DeviceIdentifier,Magic Number,randomMeid
2019.1,org.microg.gms.common,DeviceIdentifier,Magic Number,randomMeid
2019.1,org.microg.gms.common,DeviceIdentifier,Magic Number,randomMeid
2019.1,org.microg.gms.common,DeviceIdentifier,Magic Number,randomMeid
2019.1,org.microg.gms.common,DeviceIdentifier,Magic Number,randomMeid
2019.1,org.microg.gms.common,DeviceIdentifier,Magic Number,randomMeid
2019.1,org.microg.gms.common,DeviceIdentifier,Magic Number,randomMeid
2019.1,org.microg.gms.common,HttpFormClient,Complex Method,request
2019.1,org.microg.gms.common,HttpFormClient,Complex Method,parseResponse
2019.1,org.microg.gms.common,HttpFormClient,Empty catch clause,request
2019.1,org.microg.gms.common,HttpFormClient,Empty catch clause,request
2019.1,org.microg.gms.common,HttpFormClient,Magic Number,request
2019.1,org.microg.gms.common,HttpFormClient,Magic Number,parseResponse
2019.1,org.microg.gms.common,PackageUtils,Complex Conditional,firstSignatureDigest
2019.1,org.microg.gms.common,PackageUtils,Complex Conditional,getAndCheckPackage
2019.1,org.microg.gms.common,PackageUtils,Long Statement,getAndCheckCallingPackage
2019.1,org.microg.gms.common,PackageUtils,Long Statement,getAndCheckCallingPackage
2019.1,org.microg.gms.common,PackageUtils,Long Statement,getAndCheckPackage
2019.1,org.microg.gms.common,PackageUtils,Magic Number,sha1sum
2019.1,org.microg.gms.common,PhoneInfo,Magic Number,randomImsi
2019.1,org.microg.gms.common,PhoneInfo,Magic Number,randomImsi
2019.1,org.microg.gms.common,RemoteListenerProxy,Long Statement,get
2019.1,org.microg.gms.common,RemoteListenerProxy,Empty catch clause,onServiceConnected
2019.1,org.microg.gms.common,RemoteListenerProxy,Empty catch clause,onServiceConnected
2019.1,org.microg.gms.common,Utils,Long Statement,hasSelfPermissionOrNotify
2019.1,org.microg.gms.common,Utils,Magic Number,readStreamToEnd
2019.1,org.microg.gms.feeds,SubscribedFeedsProvider,Long Parameter List,query
2019.1,org.microg.gms.gcm,GcmDatabase,Long Statement,getRegistrationsByApp
2019.1,org.microg.gms.gcm,GcmDatabase,Long Statement,noteAppUnregistered
2019.1,org.microg.gms.gcm,GcmDatabase,Long Statement,getRegistration
2019.1,org.microg.gms.gcm,GcmPrefs,Magic Number,update
2019.1,org.microg.gms.gcm,GcmPrefs,Magic Number,update
2019.1,org.microg.gms.gcm,GcmPrefs,Magic Number,update
2019.1,org.microg.gms.gcm,GcmPrefs,Magic Number,update
2019.1,org.microg.gms.gcm,GcmPrefs,Magic Number,getHeartbeatMsFor
2019.1,org.microg.gms.gcm,GcmPrefs,Magic Number,getHeartbeatMsFor
2019.1,org.microg.gms.gcm,GcmPrefs,Magic Number,getHeartbeatMsFor
2019.1,org.microg.gms.gcm,GcmPrefs,Magic Number,getHeartbeatMsFor
2019.1,org.microg.gms.gcm,GcmPrefs,Magic Number,learnTimeout
2019.1,org.microg.gms.gcm,GcmPrefs,Magic Number,learnTimeout
2019.1,org.microg.gms.gcm,GcmPrefs,Magic Number,learnTimeout
2019.1,org.microg.gms.gcm,GcmPrefs,Magic Number,learnReached
2019.1,org.microg.gms.gcm,GcmPrefs,Magic Number,learnReached
2019.1,org.microg.gms.gcm,GcmPrefs,Magic Number,learnReached
2019.1,org.microg.gms.gcm,GcmPrefs,Magic Number,learnReached
2019.1,org.microg.gms.gcm,GcmPrefs,Magic Number,learnReached
2019.1,org.microg.gms.gcm,GcmPrefs,Magic Number,learnReached
2019.1,org.microg.gms.gcm,GcmPrefs,Magic Number,learnReached
2019.1,org.microg.gms.gcm,GcmPrefs,Magic Number,learnReached
2019.1,org.microg.gms.gcm,GcmPrefs,Magic Number,learnReached
2019.1,org.microg.gms.gcm,GcmPrefs,Missing default,getNetworkPrefForInfo
2019.1,org.microg.gms.gcm,GcmPrefs,Missing default,getNetworkValue
2019.1,org.microg.gms.gcm,GcmPrefs,Missing default,learnTimeout
2019.1,org.microg.gms.gcm,GcmPrefs,Missing default,learnReached
2019.1,org.microg.gms.gcm,GcmPrefs,Complex Conditional,getHeartbeatMsFor
2019.1,org.microg.gms.gcm,GcmPrefs,Long Statement,learnTimeout
2019.1,org.microg.gms.gcm,GcmPrefs,Long Statement,learnReached
2019.1,org.microg.gms.gcm,McsInputStream,Empty catch clause,run
2019.1,org.microg.gms.gcm,McsInputStream,Complex Method,read
2019.1,org.microg.gms.gcm,McsInputStream,Missing default,read
2019.1,org.microg.gms.gcm,McsInputStream,Magic Number,readVarint
2019.1,org.microg.gms.gcm,McsInputStream,Magic Number,readVarint
2019.1,org.microg.gms.gcm,McsInputStream,Magic Number,readVarint
2019.1,org.microg.gms.gcm,McsInputStream,Magic Number,readVarint
2019.1,org.microg.gms.gcm,McsInputStream,Magic Number,readVarint
2019.1,org.microg.gms.gcm,McsInputStream,Magic Number,readVarint
2019.1,org.microg.gms.gcm,McsOutputStream,Empty catch clause,handleMessage
2019.1,org.microg.gms.gcm,McsOutputStream,Empty catch clause,handleMessage
2019.1,org.microg.gms.gcm,McsOutputStream,Magic Number,writeVarint
2019.1,org.microg.gms.gcm,McsOutputStream,Magic Number,writeVarint
2019.1,org.microg.gms.gcm,McsOutputStream,Magic Number,writeVarint
2019.1,org.microg.gms.gcm,McsOutputStream,Magic Number,writeVarint
2019.1,org.microg.gms.gcm,McsService,Long Identifier,onCreate
2019.1,org.microg.gms.gcm,McsService,Long Identifier,isConnected
2019.1,org.microg.gms.gcm,McsService,Long Identifier,connect
2019.1,org.microg.gms.gcm,McsService,Long Identifier,handleHeartbeatAck
2019.1,org.microg.gms.gcm,McsService,Long Identifier,handleAppMessage
2019.1,org.microg.gms.gcm,McsService,Long Statement,onCreate
2019.1,org.microg.gms.gcm,McsService,Long Statement,onCreate
2019.1,org.microg.gms.gcm,McsService,Long Statement,onCreate
2019.1,org.microg.gms.gcm,McsService,Long Statement,isConnected
2019.1,org.microg.gms.gcm,McsService,Long Statement,scheduleReconnect
2019.1,org.microg.gms.gcm,McsService,Long Statement,scheduleHeartbeat
2019.1,org.microg.gms.gcm,McsService,Long Statement,handleSendMessage
2019.1,org.microg.gms.gcm,McsService,Long Statement,buildLoginRequest
2019.1,org.microg.gms.gcm,McsService,Long Statement,handleSelfMessage
2019.1,org.microg.gms.gcm,McsService,Complex Conditional,isConnected
2019.1,org.microg.gms.gcm,McsService,Complex Conditional,handleAppMessage
2019.1,org.microg.gms.gcm,McsService,Magic Number,isConnected
2019.1,org.microg.gms.gcm,McsService,Magic Number,isConnected
2019.1,org.microg.gms.gcm,McsService,Magic Number,isConnected
2019.1,org.microg.gms.gcm,McsService,Magic Number,isConnected
2019.1,org.microg.gms.gcm,McsService,Magic Number,scheduleReconnect
2019.1,org.microg.gms.gcm,McsService,Magic Number,scheduleHeartbeat
2019.1,org.microg.gms.gcm,McsService,Magic Number,scheduleHeartbeat
2019.1,org.microg.gms.gcm,McsService,Magic Number,scheduleHeartbeat
2019.1,org.microg.gms.gcm,McsService,Magic Number,scheduleHeartbeat
2019.1,org.microg.gms.gcm,McsService,Magic Number,getCurrentDelay
2019.1,org.microg.gms.gcm,McsService,Magic Number,getCurrentDelay
2019.1,org.microg.gms.gcm,McsService,Magic Number,getCurrentDelay
2019.1,org.microg.gms.gcm,McsService,Magic Number,getCurrentDelay
2019.1,org.microg.gms.gcm,McsService,Magic Number,getCurrentDelay
2019.1,org.microg.gms.gcm,McsService,Magic Number,getCurrentDelay
2019.1,org.microg.gms.gcm,McsService,Magic Number,handleSendMessage
2019.1,org.microg.gms.gcm,McsService,Magic Number,handleAppMessage
2019.1,org.microg.gms.gcm,McsService,Magic Number,handleSelfMessage
2019.1,org.microg.gms.gcm,McsService,Complex Method,handleSendMessage
2019.1,org.microg.gms.gcm,McsService,Complex Method,handleAppMessage
2019.1,org.microg.gms.gcm,McsService,Complex Method,handleMessage
2019.1,org.microg.gms.gcm,McsService,Missing default,handleOutputDone
2019.1,org.microg.gms.gcm,McsService,Missing default,handleInput
2019.1,org.microg.gms.gcm,McsService,Empty catch clause,tryClose
2019.1,org.microg.gms.gcm,McsService,Empty catch clause,closeAll
2019.1,org.microg.gms.gcm,McsService,Empty catch clause,handleTeardown
2019.1,org.microg.gms.gcm,PushRegisterHandler,Long Statement,handleMessage
2019.1,org.microg.gms.gcm,PushRegisterManager,Long Parameter List,unregister
2019.1,org.microg.gms.gcm,PushRegisterManager,Long Parameter List,completeRegisterRequest
2019.1,org.microg.gms.gcm,PushRegisterManager,Long Parameter List,handleResponse
2019.1,org.microg.gms.gcm,PushRegisterManager,Long Statement,unregister
2019.1,org.microg.gms.gcm,PushRegisterManager,Long Statement,completeRegisterRequest
2019.1,org.microg.gms.gcm,PushRegisterManager,Complex Conditional,completeRegisterRequest
2019.1,org.microg.gms.gcm,PushRegisterManager,Complex Method,completeRegisterRequest
2019.1,org.microg.gms.gcm,PushRegisterManager,Complex Method,handleResponse
2019.1,org.microg.gms.gcm,PushRegisterManager,Magic Number,handleResponse
2019.1,org.microg.gms.gcm,PushRegisterService,Complex Conditional,onHandleIntent
2019.1,org.microg.gms.gcm,PushRegisterService,Long Statement,onHandleIntent
2019.1,org.microg.gms.gcm,PushRegisterService,Long Statement,registerAndReply
2019.1,org.microg.gms.gcm,PushRegisterService,Long Statement,unregister
2019.1,org.microg.gms.gcm,PushRegisterService,Magic Number,onHandleIntent
2019.1,org.microg.gms.gcm,PushRegisterService,Magic Number,onHandleIntent
2019.1,org.microg.gms.gcm,PushRegisterService,Long Parameter List,registerAndReply
2019.1,org.microg.gms.gcm,RegisterResponse,Long Statement,toString
2019.1,org.microg.gms.gcm,TriggerReceiver,Complex Method,onReceive
2019.1,org.microg.gms.gcm,TriggerReceiver,Long Statement,onReceive
2019.1,org.microg.gms.gcm,UnregisterReceiver,Complex Conditional,onReceive
2019.1,org.microg.gms.gcm,UnregisterReceiver,Long Statement,onReceive
2019.1,org.microg.gms.gcm,UnregisterReceiver,Long Statement,onReceive
2019.1,org.microg.gms.gcm,UnregisterReceiver,Long Statement,run
2019.1,org.microg.gms.gservices,DatabaseHelper,Long Statement,get
2019.1,org.microg.gms.gservices,DatabaseHelper,Long Statement,search
2019.1,org.microg.gms.gservices,DatabaseHelper,Long Statement,search
2019.1,org.microg.gms.gservices,GServices,Empty catch clause,getInt
2019.1,org.microg.gms.gservices,GServices,Empty catch clause,getLong
2019.1,org.microg.gms.gservices,GServicesProvider,Complex Method,query
2019.1,org.microg.gms.gservices,GServicesProvider,Long Parameter List,query
2019.1,org.microg.gms.gservices,GServicesProvider,Long Statement,update
2019.1,org.microg.gms.icing,AppDataSearchImpl,Long Parameter List,getSuggestions
2019.1,org.microg.gms.icing,IndexService,Long Statement,IndexService
2019.1,org.microg.gms.location,GoogleLocationManager,Complex Conditional,getLocation
2019.1,org.microg.gms.location,GoogleLocationManager,Complex Conditional,requestLocationUpdates
2019.1,org.microg.gms.location,GoogleLocationManager,Complex Conditional,requestLocationUpdates
2019.1,org.microg.gms.location,GoogleLocationManager,Complex Conditional,updateLocationRequest
2019.1,org.microg.gms.location,GoogleLocationManager,Complex Method,getLocation
2019.1,org.microg.gms.location,GoogleLocationManager,Long Statement,getLocation
2019.1,org.microg.gms.location,GoogleLocationManager,Long Statement,requestLocationUpdates
2019.1,org.microg.gms.location,GoogleLocationManager,Long Statement,requestLocationUpdates
2019.1,org.microg.gms.location,GoogleLocationManager,Long Statement,requestLocationUpdates
2019.1,org.microg.gms.location,GoogleLocationManager,Long Statement,requestLocationUpdates
2019.1,org.microg.gms.location,GoogleLocationManager,Long Statement,updateLocationRequest
2019.1,org.microg.gms.location,GoogleLocationManager,Long Statement,updateLocationRequest
2019.1,org.microg.gms.location,GoogleLocationManager,Empty catch clause,updateLocationRequest
2019.1,org.microg.gms.location,GoogleLocationManagerServiceImpl,Long Statement,requestLocationUpdatesWithListener
2019.1,org.microg.gms.location,GoogleLocationManagerServiceImpl,Long Statement,requestLocationUpdatesWithIntent
2019.1,org.microg.gms.location,GoogleLocationManagerServiceImpl,Long Statement,requestLocationSettingsDialog
2019.1,org.microg.gms.location,GoogleLocationManagerServiceImpl,Long Statement,requestLocationUpdatesInternalWithListener
2019.1,org.microg.gms.location,GoogleLocationManagerServiceImpl,Long Statement,requestLocationUpdatesInternalWithIntent
2019.1,org.microg.gms.location,GoogleLocationManagerServiceImpl,Long Parameter List,iglms14
2019.1,org.microg.gms.location,GoogleLocationManagerServiceImpl,Long Parameter List,iglms47
2019.1,org.microg.gms.location,GoogleLocationManagerServiceImpl,Long Parameter List,iglms50
2019.1,org.microg.gms.location,GoogleLocationManagerServiceImpl,Long Parameter List,iglms55
2019.1,org.microg.gms.location,LocationRequestHelper,Long Parameter List,LocationRequestHelper
2019.1,org.microg.gms.location,LocationRequestHelper,Long Parameter List,LocationRequestHelper
2019.1,org.microg.gms.location,LocationRequestHelper,Long Parameter List,LocationRequestHelper
2019.1,org.microg.gms.location,LocationRequestHelper,Long Parameter List,LocationRequestHelper
2019.1,org.microg.gms.location,LocationRequestHelper,Complex Method,report
2019.1,org.microg.gms.location,LocationRequestHelper,Complex Method,equals
2019.1,org.microg.gms.location,LocationRequestHelper,Long Statement,toString
2019.1,org.microg.gms.location,LocationRequestHelper,Magic Number,hashCode
2019.1,org.microg.gms.location,LocationRequestHelper,Magic Number,hashCode
2019.1,org.microg.gms.location,LocationRequestHelper,Magic Number,hashCode
2019.1,org.microg.gms.location,LocationRequestHelper,Magic Number,hashCode
2019.1,org.microg.gms.location,LocationRequestHelper,Magic Number,hashCode
2019.1,org.microg.gms.location,LocationRequestHelper,Magic Number,hashCode
2019.1,org.microg.gms.people,ContactSyncService,Long Statement,onBind
2019.1,org.microg.gms.people,ContactSyncService,Long Parameter List,onPerformSync
2019.1,org.microg.gms.people,DatabaseHelper,Magic Number,onUpgrade
2019.1,org.microg.gms.people,DatabaseHelper,Magic Number,onUpgrade
2019.1,org.microg.gms.people,DatabaseHelper,Magic Number,onUpgrade
2019.1,org.microg.gms.people,DatabaseHelper,Magic Number,onUpgrade
2019.1,org.microg.gms.people,DatabaseHelper,Long Statement,getCircles
2019.1,org.microg.gms.people,PeopleServiceImpl,Long Parameter List,loadOwners
2019.1,org.microg.gms.people,PeopleServiceImpl,Long Parameter List,loadPeopleForAggregation
2019.1,org.microg.gms.people,PeopleServiceImpl,Long Parameter List,registerDataChangedListener
2019.1,org.microg.gms.people,PeopleServiceImpl,Long Parameter List,loadCircles
2019.1,org.microg.gms.people,PeopleServiceImpl,Long Parameter List,requestSync
2019.1,org.microg.gms.people,PeopleServiceImpl,Long Parameter List,loadOwnerAvatar
2019.1,org.microg.gms.people,PeopleServiceImpl,Long Parameter List,loadAutocompleteList
2019.1,org.microg.gms.people,PeopleServiceImpl,Long Statement,loadPeopleForAggregation
2019.1,org.microg.gms.people,PeopleServiceImpl,Long Statement,loadAutocompleteList
2019.1,org.microg.gms.phenotype,ConfigurationProvider,Long Parameter List,query
2019.1,org.microg.gms.plus,PlusOneButtonImpl,Long Parameter List,PlusOneButtonImpl
2019.1,org.microg.gms.settings,GoogleSettingsProvider,Long Parameter List,query
2019.1,org.microg.gms.snet,Attestation,Long Statement,buildPayload
2019.1,org.microg.gms.snet,Attestation,Long Statement,getPackageFileDigest
2019.1,org.microg.gms.snet,Attestation,Long Statement,attest
2019.1,org.microg.gms.snet,Attestation,Magic Number,getPackageFileDigest
2019.1,org.microg.gms.snet,Attestation,Magic Number,attest
2019.1,org.microg.gms.snet,SafetyNetClientServiceImpl,Complex Conditional,attestWithApiKey
2019.1,org.microg.gms.snet,SafetyNetClientServiceImpl,Complex Conditional,attestWithApiKey
2019.1,org.microg.gms.snet,SafetyNetClientServiceImpl,Complex Conditional,run
2019.1,org.microg.gms.snet,SafetyNetClientServiceImpl,Complex Conditional,run
2019.1,org.microg.gms.snet,SafetyNetClientServiceImpl,Long Statement,attestWithApiKey
2019.1,org.microg.gms.snet,SafetyNetClientServiceImpl,Long Statement,run
2019.1,org.microg.gms.snet,SafetyNetClientServiceImpl,Long Parameter List,lookupUri
2019.1,org.microg.gms.snet,AttestRequest,Magic Number,hashCode
2019.1,org.microg.gms.snet,FileState,Magic Number,hashCode
2019.1,org.microg.gms.snet,SafetyNetData,Long Parameter List,SafetyNetData
2019.1,org.microg.gms.snet,SafetyNetData,Long Statement,SafetyNetData
2019.1,org.microg.gms.snet,SafetyNetData,Long Statement,equals
2019.1,org.microg.gms.snet,SafetyNetData,Magic Number,hashCode
2019.1,org.microg.gms.snet,SafetyNetData,Magic Number,hashCode
2019.1,org.microg.gms.snet,SafetyNetData,Magic Number,hashCode
2019.1,org.microg.gms.snet,SafetyNetData,Magic Number,hashCode
2019.1,org.microg.gms.snet,SafetyNetData,Magic Number,hashCode
2019.1,org.microg.gms.snet,SafetyNetData,Magic Number,hashCode
2019.1,org.microg.gms.snet,SafetyNetData,Magic Number,hashCode
2019.1,org.microg.gms.snet,SafetyNetData,Magic Number,hashCode
2019.1,org.microg.gms.snet,SELinuxState,Magic Number,hashCode
2019.1,org.microg.gms.ui,AboutFragment,Long Statement,collectLibraries
2019.1,org.microg.gms.ui,AboutFragment,Long Statement,collectLibraries
2019.1,org.microg.gms.ui,AboutFragment,Long Statement,collectLibraries
2019.1,org.microg.gms.ui,AboutFragment,Long Statement,collectLibraries
2019.1,org.microg.gms.ui,AboutFragment,Long Statement,collectLibraries
2019.1,org.microg.gms.ui,AboutFragment,Long Statement,collectLibraries
2019.1,org.microg.gms.ui,AboutFragment,Long Statement,collectLibraries
2019.1,org.microg.gms.ui,AccountSettingsActivity,Long Statement,onCreatePreferencesFix
2019.1,org.microg.gms.ui,AccountSettingsFragment,Long Statement,onCreatePreferencesFix
2019.1,org.microg.gms.ui,AskPushPermission,Long Statement,onCreate
2019.1,org.microg.gms.ui,AskPushPermission,Magic Number,onCreate
2019.1,org.microg.gms.ui,AskPushPermission,Magic Number,onCreate
2019.1,org.microg.gms.ui,Conditions,Magic Number,isActive
2019.1,org.microg.gms.ui,Conditions,Magic Number,onClick
2019.1,org.microg.gms.ui,GcmAdvancedFragment,Magic Number,updateContent
2019.1,org.microg.gms.ui,GcmAdvancedFragment,Magic Number,getHeartbeatString
2019.1,org.microg.gms.ui,GcmAdvancedFragment,Magic Number,getHeartbeatString
2019.1,org.microg.gms.ui,GcmAdvancedFragment,Magic Number,getHeartbeatString
2019.1,org.microg.gms.ui,GcmAppFragment,Complex Method,updateAppDetails
2019.1,org.microg.gms.ui,GcmAppFragment,Long Statement,updateAppDetails
2019.1,org.microg.gms.ui,GcmAppFragment,Long Statement,updateAppDetails
2019.1,org.microg.gms.ui,GcmAppFragment,Long Statement,showUnregisterConfirm
2019.1,org.microg.gms.ui,GcmFragment,Missing default,onOptionsItemSelected
2019.1,org.microg.gms.ui,GcmFragment,Long Statement,updateContent
2019.1,org.microg.gms.ui,GcmFragment,Long Statement,updateViewDetails
2019.1,org.microg.gms.ui,GcmAppPreference,Long Statement,updateViewDetails
2019.1,org.microg.gms.ui,PlacePickerActivity,Long Statement,onCreate
2019.1,org.microg.gms.ui,PlacePickerActivity,Long Statement,updateInfoText
2019.1,org.microg.gms.ui,PlacePickerActivity,Complex Conditional,updateMapFromLocationManager
2019.1,org.microg.gms.ui,SafetyNetFragment,Missing default,onOptionsItemSelected
2019.1,org.microg.gms.ui,SettingsActivity,Long Statement,updateDetails
2019.1,org.microg.gms.ui,SettingsActivity,Long Statement,updateDetails
2019.1,org.microg.gms.ui,SettingsActivity,Long Statement,updateDetails
2019.1,org.microg.gms.ui,SettingsActivity,Long Statement,updateDetails
2019.1,org.microg.gms.ui,SettingsActivity,Long Statement,updateDetails
2019.1,org.microg.gms.ui,SettingsActivity,Long Statement,updateDetails
2019.1,org.microg.gms.ui,FragmentImpl,Long Statement,updateDetails
2019.1,org.microg.gms.ui,FragmentImpl,Long Statement,updateDetails
2019.1,org.microg.gms.ui,FragmentImpl,Long Statement,updateDetails
2019.1,org.microg.gms.ui,FragmentImpl,Long Statement,updateDetails
2019.1,org.microg.gms.ui,FragmentImpl,Long Statement,updateDetails
2019.1,org.microg.gms.ui,FragmentImpl,Long Statement,updateDetails
2019.1,org.microg.gms.wearable,CapabilityManager,Long Statement,add
2019.1,org.microg.gms.wearable,ClockworkNodePreferences,Long Identifier,getLocalNodeId
2019.1,org.microg.gms.wearable,ClockworkNodePreferences,Long Identifier,getNextSeqId
2019.1,org.microg.gms.wearable,ClockworkNodePreferences,Magic Number,getNextSeqId
2019.1,org.microg.gms.wearable,ClockworkNodePreferences,Magic Number,getNextSeqId
2019.1,org.microg.gms.wearable,ClockworkNodePreferences,Magic Number,getNextSeqId
2019.1,org.microg.gms.wearable,ConfigurationDatabaseHelper,Magic Number,ConfigurationDatabaseHelper
2019.1,org.microg.gms.wearable,ConfigurationDatabaseHelper,Magic Number,putConfiguration
2019.1,org.microg.gms.wearable,ConfigurationDatabaseHelper,Long Statement,onCreate
2019.1,org.microg.gms.wearable,ConfigurationDatabaseHelper,Long Statement,setEnabledState
2019.1,org.microg.gms.wearable,DataItemRecord,Magic Number,toEventDataHolder
2019.1,org.microg.gms.wearable,DataItemRecord,Magic Number,toSetDataItem
2019.1,org.microg.gms.wearable,DataItemRecord,Magic Number,fromCursor
2019.1,org.microg.gms.wearable,DataItemRecord,Magic Number,fromCursor
2019.1,org.microg.gms.wearable,DataItemRecord,Magic Number,fromCursor
2019.1,org.microg.gms.wearable,DataItemRecord,Magic Number,fromCursor
2019.1,org.microg.gms.wearable,DataItemRecord,Magic Number,fromCursor
2019.1,org.microg.gms.wearable,DataItemRecord,Magic Number,fromCursor
2019.1,org.microg.gms.wearable,DataItemRecord,Magic Number,fromCursor
2019.1,org.microg.gms.wearable,DataItemRecord,Magic Number,fromCursor
2019.1,org.microg.gms.wearable,DataItemRecord,Magic Number,fromCursor
2019.1,org.microg.gms.wearable,DataItemRecord,Magic Number,fromCursor
2019.1,org.microg.gms.wearable,DataItemRecord,Magic Number,fromCursor
2019.1,org.microg.gms.wearable,DataItemRecord,Magic Number,fromCursor
2019.1,org.microg.gms.wearable,DataItemRecord,Magic Number,fromCursor
2019.1,org.microg.gms.wearable,DataItemRecord,Magic Number,fromCursor
2019.1,org.microg.gms.wearable,DataItemRecord,Magic Number,fromCursor
2019.1,org.microg.gms.wearable,DataItemRecord,Long Statement,toSetDataItem
2019.1,org.microg.gms.wearable,DataItemRecord,Long Statement,toSetDataItem
2019.1,org.microg.gms.wearable,MessageHandler,Long Parameter List,MessageHandler
2019.1,org.microg.gms.wearable,MessageHandler,Long Statement,MessageHandler
2019.1,org.microg.gms.wearable,MessageHandler,Long Statement,onConnect
2019.1,org.microg.gms.wearable,MessageHandler,Long Statement,onFilePiece
2019.1,org.microg.gms.wearable,MessageHandler,Magic Number,MessageHandler
2019.1,org.microg.gms.wearable,MessageHandler,Magic Number,onConnect
2019.1,org.microg.gms.wearable,MessageHandler,Magic Number,onSyncStart
2019.1,org.microg.gms.wearable,MessageHandler,Magic Number,onRpcRequest
2019.1,org.microg.gms.wearable,MessageHandler,Magic Number,onRpcRequest
2019.1,org.microg.gms.wearable,NodeDatabaseHelper,Long Statement,onCreate
2019.1,org.microg.gms.wearable,NodeDatabaseHelper,Long Statement,onCreate
2019.1,org.microg.gms.wearable,NodeDatabaseHelper,Long Statement,onCreate
2019.1,org.microg.gms.wearable,NodeDatabaseHelper,Long Statement,onCreate
2019.1,org.microg.gms.wearable,NodeDatabaseHelper,Long Statement,onCreate
2019.1,org.microg.gms.wearable,NodeDatabaseHelper,Long Statement,onCreate
2019.1,org.microg.gms.wearable,NodeDatabaseHelper,Long Statement,onCreate
2019.1,org.microg.gms.wearable,NodeDatabaseHelper,Long Statement,onCreate
2019.1,org.microg.gms.wearable,NodeDatabaseHelper,Long Statement,onCreate
2019.1,org.microg.gms.wearable,NodeDatabaseHelper,Long Statement,getDataItemsForDataHolderByHostAndPath
2019.1,org.microg.gms.wearable,NodeDatabaseHelper,Long Statement,getAppKey
2019.1,org.microg.gms.wearable,NodeDatabaseHelper,Long Statement,putRecord
2019.1,org.microg.gms.wearable,NodeDatabaseHelper,Long Statement,getDataItemsByHostAndPath
2019.1,org.microg.gms.wearable,NodeDatabaseHelper,Long Statement,getModifiedDataItems
2019.1,org.microg.gms.wearable,NodeDatabaseHelper,Long Statement,getCurrentSeqId
2019.1,org.microg.gms.wearable,NodeDatabaseHelper,Long Statement,listMissingAssets
2019.1,org.microg.gms.wearable,NodeDatabaseHelper,Long Statement,hasAsset
2019.1,org.microg.gms.wearable,NodeDatabaseHelper,Long Parameter List,getDataItemsByHostAndPath
2019.1,org.microg.gms.wearable,WearableImpl,Magic Number,createAssetFile
2019.1,org.microg.gms.wearable,WearableImpl,Magic Number,syncAssetToPeer
2019.1,org.microg.gms.wearable,WearableImpl,Magic Number,onConnectReceived
2019.1,org.microg.gms.wearable,WearableImpl,Magic Number,onConnectReceived
2019.1,org.microg.gms.wearable,WearableImpl,Magic Number,onConnectReceived
2019.1,org.microg.gms.wearable,WearableImpl,Magic Number,sendMessage
2019.1,org.microg.gms.wearable,WearableImpl,Magic Number,sendMessage
2019.1,org.microg.gms.wearable,WearableImpl,Long Statement,calculateDigest
2019.1,org.microg.gms.wearable,WearableImpl,Long Statement,syncAssetToPeer
2019.1,org.microg.gms.wearable,WearableImpl,Long Statement,syncAssetToPeer
2019.1,org.microg.gms.wearable,WearableImpl,Long Statement,syncAssetToPeer
2019.1,org.microg.gms.wearable,WearableImpl,Long Statement,onConnectReceived
2019.1,org.microg.gms.wearable,WearableImpl,Long Statement,invokeListeners
2019.1,org.microg.gms.wearable,WearableImpl,Long Statement,putData
2019.1,org.microg.gms.wearable,WearableImpl,Long Statement,getDataItemsAsHolder
2019.1,org.microg.gms.wearable,WearableImpl,Long Statement,getDataItemsByUriAsHolder
2019.1,org.microg.gms.wearable,WearableImpl,Long Statement,enableConnection
2019.1,org.microg.gms.wearable,WearableImpl,Long Statement,deleteDataItems
2019.1,org.microg.gms.wearable,WearableImpl,Long Statement,getDataItemByUri
2019.1,org.microg.gms.wearable,WearableImpl,Long Statement,sendMessage
2019.1,org.microg.gms.wearable,WearableImpl,Complex Method,invokeListeners
2019.1,org.microg.gms.wearable,WearableServiceImpl,Magic Number,getConfigs
2019.1,org.microg.gms.wearable,WearableServiceImpl,Magic Number,sendMessage
2019.1,org.microg.gms.wearable,WearableServiceImpl,Magic Number,sendMessage
2019.1,org.microg.gms.wearable,WearableServiceImpl,Magic Number,run
2019.1,org.microg.gms.wearable,WearableServiceImpl,Magic Number,run
2019.1,org.microg.gms.wearable,WearableServiceImpl,Magic Number,getFdForAsset
2019.1,org.microg.gms.wearable,WearableServiceImpl,Magic Number,getLocalNode
2019.1,org.microg.gms.wearable,WearableServiceImpl,Long Statement,sendMessage
2019.1,org.microg.gms.wearable,WearableServiceImpl,Long Statement,getFdForAsset
2019.1,org.microg.gms.wearable,WearableServiceImpl,Long Statement,getLocalNode
2019.1,org.microg.gms.wearable,WearableServiceImpl,Long Parameter List,readChannelOutputFromFd
2019.1,org.microg.gms.wearable.location,WearableLocationService,Long Statement,onMessageReceived
2019.1,org.microg.gms.wearable.location,WearableLocationService,Long Statement,onCapabilityQuery
2019.1,org.microg.gms.wearable.location,WearableLocationService,Long Statement,readLocationRequest
2019.1,org.microg.gms.wearable.location,WearableLocationService,Long Statement,readLocationRequest
2019.1,org.microg.gms.wearable.location,WearableLocationService,Long Statement,readLocationRequest
2019.1,org.microg.gms.wearable.location,WearableLocationService,Complex Method,readLocationRequest
2019.1,org.microg.tools.selfcheck,InstalledPackagesChecks,Long Statement,doChecks
2019.1,org.microg.tools.selfcheck,InstalledPackagesChecks,Long Statement,doChecks
2019.1,org.microg.tools.selfcheck,InstalledPackagesChecks,Long Statement,addPackageSignedResult
2019.1,org.microg.tools.selfcheck,InstalledPackagesChecks,Long Statement,addPackageInstalledResult
2019.1,org.microg.tools.selfcheck,InstalledPackagesChecks,Long Parameter List,addPackageInstalledAndSignedResult
2019.1,org.microg.tools.selfcheck,InstalledPackagesChecks,Long Parameter List,addPackageSignedResult
2019.1,org.microg.tools.selfcheck,RomSpoofSignatureChecks,Long Statement,addRomKnowsFakeSignaturePermission
2019.1,org.microg.tools.selfcheck,RomSpoofSignatureChecks,Long Statement,addSystemGrantsFakeSignaturePermission
2019.1,org.microg.tools.selfcheck,RomSpoofSignatureChecks,Long Statement,addSystemSpoofsSignature
2019.1,org.microg.tools.selfcheck,RomSpoofSignatureChecks,Long Statement,addSystemSpoofsSignature
2019.1,org.microg.tools.selfcheck,SystemChecks,Long Statement,isBatterySavingDisabled
2019.1,org.microg.tools.selfcheck,SystemChecks,Long Identifier,tryResolve
2019.1,org.microg.gms.gcm.mcs,AppData,Magic Number,hashCode
2019.1,org.microg.gms.gcm.mcs,DataMessageStanza,Long Parameter List,DataMessageStanza
2019.1,org.microg.gms.gcm.mcs,DataMessageStanza,Long Statement,DataMessageStanza
2019.1,org.microg.gms.gcm.mcs,DataMessageStanza,Long Statement,equals
2019.1,org.microg.gms.gcm.mcs,DataMessageStanza,Magic Number,hashCode
2019.1,org.microg.gms.gcm.mcs,DataMessageStanza,Magic Number,hashCode
2019.1,org.microg.gms.gcm.mcs,DataMessageStanza,Magic Number,hashCode
2019.1,org.microg.gms.gcm.mcs,DataMessageStanza,Magic Number,hashCode
2019.1,org.microg.gms.gcm.mcs,DataMessageStanza,Magic Number,hashCode
2019.1,org.microg.gms.gcm.mcs,DataMessageStanza,Magic Number,hashCode
2019.1,org.microg.gms.gcm.mcs,DataMessageStanza,Magic Number,hashCode
2019.1,org.microg.gms.gcm.mcs,DataMessageStanza,Magic Number,hashCode
2019.1,org.microg.gms.gcm.mcs,DataMessageStanza,Magic Number,hashCode
2019.1,org.microg.gms.gcm.mcs,DataMessageStanza,Magic Number,hashCode
2019.1,org.microg.gms.gcm.mcs,DataMessageStanza,Magic Number,hashCode
2019.1,org.microg.gms.gcm.mcs,DataMessageStanza,Magic Number,hashCode
2019.1,org.microg.gms.gcm.mcs,DataMessageStanza,Magic Number,hashCode
2019.1,org.microg.gms.gcm.mcs,DataMessageStanza,Magic Number,hashCode
2019.1,org.microg.gms.gcm.mcs,DataMessageStanza,Magic Number,hashCode
2019.1,org.microg.gms.gcm.mcs,DataMessageStanza,Magic Number,hashCode
2019.1,org.microg.gms.gcm.mcs,DataMessageStanza,Magic Number,hashCode
2019.1,org.microg.gms.gcm.mcs,DataMessageStanza,Magic Number,hashCode
2019.1,org.microg.gms.gcm.mcs,DataMessageStanza,Magic Number,hashCode
2019.1,org.microg.gms.gcm.mcs,DataMessageStanza,Magic Number,hashCode
2019.1,org.microg.gms.gcm.mcs,DataMessageStanza,Magic Number,hashCode
2019.1,org.microg.gms.gcm.mcs,ErrorInfo,Magic Number,hashCode
2019.1,org.microg.gms.gcm.mcs,ErrorInfo,Magic Number,hashCode
2019.1,org.microg.gms.gcm.mcs,ErrorInfo,Magic Number,hashCode
2019.1,org.microg.gms.gcm.mcs,Extension,Magic Number,hashCode
2019.1,org.microg.gms.gcm.mcs,HeartbeatAck,Long Statement,equals
2019.1,org.microg.gms.gcm.mcs,HeartbeatAck,Magic Number,hashCode
2019.1,org.microg.gms.gcm.mcs,HeartbeatAck,Magic Number,hashCode
2019.1,org.microg.gms.gcm.mcs,HeartbeatConfig,Magic Number,hashCode
2019.1,org.microg.gms.gcm.mcs,HeartbeatConfig,Magic Number,hashCode
2019.1,org.microg.gms.gcm.mcs,HeartbeatPing,Long Statement,equals
2019.1,org.microg.gms.gcm.mcs,HeartbeatPing,Magic Number,hashCode
2019.1,org.microg.gms.gcm.mcs,HeartbeatPing,Magic Number,hashCode
2019.1,org.microg.gms.gcm.mcs,HeartbeatStat,Magic Number,hashCode
2019.1,org.microg.gms.gcm.mcs,HeartbeatStat,Magic Number,hashCode
2019.1,org.microg.gms.gcm.mcs,IqStanza,Long Parameter List,IqStanza
2019.1,org.microg.gms.gcm.mcs,IqStanza,Long Statement,IqStanza
2019.1,org.microg.gms.gcm.mcs,IqStanza,Long Statement,equals
2019.1,org.microg.gms.gcm.mcs,IqStanza,Magic Number,hashCode
2019.1,org.microg.gms.gcm.mcs,IqStanza,Magic Number,hashCode
2019.1,org.microg.gms.gcm.mcs,IqStanza,Magic Number,hashCode
2019.1,org.microg.gms.gcm.mcs,IqStanza,Magic Number,hashCode
2019.1,org.microg.gms.gcm.mcs,IqStanza,Magic Number,hashCode
2019.1,org.microg.gms.gcm.mcs,IqStanza,Magic Number,hashCode
2019.1,org.microg.gms.gcm.mcs,IqStanza,Magic Number,hashCode
2019.1,org.microg.gms.gcm.mcs,IqStanza,Magic Number,hashCode
2019.1,org.microg.gms.gcm.mcs,IqStanza,Magic Number,hashCode
2019.1,org.microg.gms.gcm.mcs,IqStanza,Magic Number,hashCode
2019.1,org.microg.gms.gcm.mcs,IqStanza,Magic Number,hashCode
2019.1,org.microg.gms.gcm.mcs,LoginRequest,Long Parameter List,LoginRequest
2019.1,org.microg.gms.gcm.mcs,LoginRequest,Long Statement,LoginRequest
2019.1,org.microg.gms.gcm.mcs,LoginRequest,Long Statement,equals
2019.1,org.microg.gms.gcm.mcs,LoginRequest,Magic Number,hashCode
2019.1,org.microg.gms.gcm.mcs,LoginRequest,Magic Number,hashCode
2019.1,org.microg.gms.gcm.mcs,LoginRequest,Magic Number,hashCode
2019.1,org.microg.gms.gcm.mcs,LoginRequest,Magic Number,hashCode
2019.1,org.microg.gms.gcm.mcs,LoginRequest,Magic Number,hashCode
2019.1,org.microg.gms.gcm.mcs,LoginRequest,Magic Number,hashCode
2019.1,org.microg.gms.gcm.mcs,LoginRequest,Magic Number,hashCode
2019.1,org.microg.gms.gcm.mcs,LoginRequest,Magic Number,hashCode
2019.1,org.microg.gms.gcm.mcs,LoginRequest,Magic Number,hashCode
2019.1,org.microg.gms.gcm.mcs,LoginRequest,Magic Number,hashCode
2019.1,org.microg.gms.gcm.mcs,LoginRequest,Magic Number,hashCode
2019.1,org.microg.gms.gcm.mcs,LoginRequest,Magic Number,hashCode
2019.1,org.microg.gms.gcm.mcs,LoginRequest,Magic Number,hashCode
2019.1,org.microg.gms.gcm.mcs,LoginRequest,Magic Number,hashCode
2019.1,org.microg.gms.gcm.mcs,LoginRequest,Magic Number,hashCode
2019.1,org.microg.gms.gcm.mcs,LoginRequest,Magic Number,hashCode
2019.1,org.microg.gms.gcm.mcs,LoginRequest,Magic Number,hashCode
2019.1,org.microg.gms.gcm.mcs,LoginResponse,Long Parameter List,LoginResponse
2019.1,org.microg.gms.gcm.mcs,LoginResponse,Long Statement,LoginResponse
2019.1,org.microg.gms.gcm.mcs,LoginResponse,Long Statement,equals
2019.1,org.microg.gms.gcm.mcs,LoginResponse,Magic Number,hashCode
2019.1,org.microg.gms.gcm.mcs,LoginResponse,Magic Number,hashCode
2019.1,org.microg.gms.gcm.mcs,LoginResponse,Magic Number,hashCode
2019.1,org.microg.gms.gcm.mcs,LoginResponse,Magic Number,hashCode
2019.1,org.microg.gms.gcm.mcs,LoginResponse,Magic Number,hashCode
2019.1,org.microg.gms.gcm.mcs,LoginResponse,Magic Number,hashCode
2019.1,org.microg.gms.gcm.mcs,LoginResponse,Magic Number,hashCode
2019.1,org.microg.gms.gcm.mcs,Setting,Magic Number,hashCode
2019.1,org.microg.gms.gcm.mcs,StreamErrorStanza,Magic Number,hashCode
2019.1,org.microg.gms.maps.vtm,ApplicationContextWrapper,Long Statement,gmsContextWithAttachedApplicationContext
2019.1,org.microg.gms.maps.vtm,BackendMap,Complex Conditional,onInputEvent
2019.1,org.microg.gms.maps.vtm,BackendMap,Complex Conditional,onMapEvent
2019.1,org.microg.gms.maps.vtm,BackendMap,Long Statement,onInputEvent
2019.1,org.microg.gms.maps.vtm,BackendMap,Long Statement,onInputEvent
2019.1,org.microg.gms.maps.vtm,BackendMap,Long Statement,onMapEvent
2019.1,org.microg.gms.maps.vtm,BackendMap,Magic Number,onInputEvent
2019.1,org.microg.gms.maps.vtm,BackendMap,Magic Number,onInputEvent
2019.1,org.microg.gms.maps.vtm,BackendMap,Magic Number,createBitmapFromGLSurface
2019.1,org.microg.gms.maps.vtm,BackendMap,Magic Number,createBitmapFromGLSurface
2019.1,org.microg.gms.maps.vtm,BackendMap,Magic Number,createBitmapFromGLSurface
2019.1,org.microg.gms.maps.vtm,BackendMap,Magic Number,createBitmapFromGLSurface
2019.1,org.microg.gms.maps.vtm,BackendMap,Magic Number,createBitmapFromGLSurface
2019.1,org.microg.gms.maps.vtm,BackendMap,Long Parameter List,createBitmapFromGLSurface
2019.1,org.microg.gms.maps.vtm,BackendMapView,Long Statement,loadNativeLib
2019.1,org.microg.gms.maps.vtm,BackendMapView,Long Statement,initialize
2019.1,org.microg.gms.maps.vtm,BackendMapView,Magic Number,copyInputStream
2019.1,org.microg.gms.maps.vtm,BackendMapView,Magic Number,initialize
2019.1,org.microg.gms.maps.vtm,BackendMapView,Magic Number,initialize
2019.1,org.microg.gms.maps.vtm,BackendMapView,Magic Number,initialize
2019.1,org.microg.gms.maps.vtm,ContainerLayout,Long Parameter List,onLayout
2019.1,org.microg.gms.maps.vtm,GmsMapsTypeHelper,Complex Conditional,toLatLngBounds
2019.1,org.microg.gms.maps.vtm,GmsMapsTypeHelper,Long Statement,toLatLngBounds
2019.1,org.microg.gms.maps.vtm,GmsMapsTypeHelper,Long Statement,toCameraPosition
2019.1,org.microg.gms.maps.vtm,GmsMapsTypeHelper,Long Statement,fromCameraPosition
2019.1,org.microg.gms.maps.vtm,GmsMapsTypeHelper,Long Statement,fromLatLngBounds
2019.1,org.microg.gms.maps.vtm,GmsMapsTypeHelper,Magic Number,fromZoom
2019.1,org.microg.gms.maps.vtm,GmsMapsTypeHelper,Magic Number,toZoom
2019.1,org.microg.gms.maps.vtm,GoogleMapImpl,Empty catch clause,initFromOptions
2019.1,org.microg.gms.maps.vtm,GoogleMapImpl,Empty catch clause,onDragStop
2019.1,org.microg.gms.maps.vtm,GoogleMapImpl,Long Statement,initFromOptions
2019.1,org.microg.gms.maps.vtm,GoogleMapImpl,Long Statement,setMyLocationEnabled
2019.1,org.microg.gms.maps.vtm,GoogleMapImpl,Magic Number,animateCamera
2019.1,org.microg.gms.maps.vtm,GoogleMapImpl,Magic Number,animateCameraWithCallback
2019.1,org.microg.gms.maps.vtm,GoogleMapImpl,Magic Number,setMyLocationEnabled
2019.1,org.microg.gms.maps.vtm,GoogleMapImpl,Magic Number,setMyLocationEnabled
2019.1,org.microg.gms.maps.vtm,GoogleMapImpl,Magic Number,setOnMapLoadedCallback
2019.1,org.microg.gms.maps.vtm,UiSettingsImpl,Long Identifier,setScrollGesturesEnabledDuringRotateOrZoom
2019.1,org.microg.gms.maps.vtm,UiSettingsImpl,Long Identifier,isScrollGesturesEnabledDuringRotateOrZoom
2019.1,org.microg.gms.maps.vtm.bitmap,DefaultBitmapDescriptor,Magic Number,DefaultBitmapDescriptor
2019.1,org.microg.gms.maps.vtm.bitmap,DefaultBitmapDescriptor,Magic Number,adjustHue
2019.1,org.microg.gms.maps.vtm.bitmap,DefaultBitmapDescriptor,Magic Number,adjustHue
2019.1,org.microg.gms.maps.vtm.bitmap,DefaultBitmapDescriptor,Magic Number,adjustHue
2019.1,org.microg.gms.maps.vtm.bitmap,DefaultBitmapDescriptor,Magic Number,adjustHue
2019.1,org.microg.gms.maps.vtm.bitmap,DefaultBitmapDescriptor,Magic Number,adjustHue
2019.1,org.microg.gms.maps.vtm.bitmap,DefaultBitmapDescriptor,Magic Number,adjustHue
2019.1,org.microg.gms.maps.vtm.bitmap,DefaultBitmapDescriptor,Magic Number,adjustHue
2019.1,org.microg.gms.maps.vtm.bitmap,DefaultBitmapDescriptor,Magic Number,adjustHue
2019.1,org.microg.gms.maps.vtm.bitmap,DefaultBitmapDescriptor,Long Statement,adjustHue
2019.1,org.microg.gms.maps.vtm.camera,CameraUpdateFactoryImpl,Long Statement,scrollBy
2019.1,org.microg.gms.maps.vtm.camera,CameraUpdateFactoryImpl,Long Statement,getMapPosition
2019.1,org.microg.gms.maps.vtm.camera,CameraUpdateFactoryImpl,Magic Number,scrollBy
2019.1,org.microg.gms.maps.vtm.camera,CameraUpdateFactoryImpl,Magic Number,scrollBy
2019.1,org.microg.gms.maps.vtm.camera,CameraUpdateFactoryImpl,Magic Number,getMapPosition
2019.1,org.microg.gms.maps.vtm.camera,CameraUpdateFactoryImpl,Magic Number,getMapPosition
2019.1,org.microg.gms.maps.vtm.data,SharedTileCache,Long Statement,getTile
2019.1,org.microg.gms.maps.vtm.data,SharedTileProvider,Long Parameter List,query
2019.1,org.microg.gms.maps.vtm.markup,CircleImpl,Long Statement,getDrawable
2019.1,org.microg.gms.maps.vtm.markup,CircleImpl,Magic Number,getDrawable
2019.1,org.microg.gms.maps.vtm.markup,PolygonImpl,Complex Conditional,getDrawable
2019.1,org.microg.gms.maps.vtm.markup,PolygonImpl,Long Statement,getDrawable
2019.1,org.microg.gms.maps.vtm.markup,PolygonImpl,Magic Number,getDrawable
2019.1,org.microg.gms.maps.vtm.markup,PolygonImpl,Magic Number,getDrawable
2019.1,org.microg.gms.maps.vtm.markup,PolygonImpl,Magic Number,getDrawable
2019.1,org.microg.gms.maps.vtm.markup,PolylineImpl,Magic Number,getDrawable
